imu_ax, imu_ay, kf_ax, kf_ay, kf_vx, kf_w, kf_x, kf_y, stamp, 
-0.030131101608276367, -0.011426925659179688, -0.010043700536092121, 0.0, 0.0, 0.0, 0.0, 0.0, 1700246976213218847, 
0.005244135856628418, -0.012659609317779541, -0.0030874906347261866, -0.0, -0.00039563475711291757, 0.0, 1.3187825237097259e-05, 0.0, 1700246976262393379, 
0.012007534503936768, 0.019960403442382812, 0.0042877874057426985, 5.448829291946849e-10, -0.000141282588409661, -3.856688466201865e-06, -1.2271598271615146e-05, 2.906361913497078e-12, 1700246976362552585, 
0.025196611881256104, 0.08551311492919922, 0.014663460089459672, -3.791242710869809e-09, 0.0004771828600223627, -7.945052156089881e-06, -5.6283930268682734e-05, 1.2084317877929742e-11, 1700246976503321413, 
0.21737021207809448, 0.33063554763793945, 0.11573175571358538, 9.523096534617837e-05, 0.005389468994687706, 0.017669823398194826, -0.00022507625749509138, 2.7234569612713528e-08, 1700246976573333267, 
0.1286059021949768, -0.1889219880104065, 0.12203292923513102, 0.006203361013879853, 0.0133989279737773, 0.46297442795575083, -6.096076801663595e-05, 1.1833848106174877e-05, 1700246976663340226, 
0.5396627187728882, -0.20648616552352905, 0.3290804129839217, -0.00834869248410601, -0.011272334351292407, 0.7406356326849733, -0.003574053630210893, -7.814129179369855e-06, 1700246976852276373, 
-0.0980725884437561, -0.04412943124771118, 0.11566843070394137, 0.008596010930913731, 0.009932525614095062, 0.8654406003962669, -0.004484833373626289, -0.00016777571457898566, 1700246976953020636, 
0.5951019525527954, 0.03943759202957153, 0.3555695009963724, 0.04232989300670208, 0.044788279751483175, 0.9451109361997836, -0.0029717835910101176, 0.00018921029812107106, 1700246977053253379, 
0.015590429306030273, 0.054211199283599854, 0.18556974699036843, 0.06494331027193545, 0.06738888065913923, 0.9637095858651554, 0.0012500494454142762, 0.0014347542114352518, 1700246977162238063, 
0.087161123752594, 0.06223529577255249, 0.13606975615062483, 0.07291082520468574, 0.0742674698705004, 0.9817329893130837, 0.006923295412604972, 0.0038393902717316014, 1700246977252150456, 
0.20830273628234863, 0.4008713960647583, 0.1757444897796099, 0.19029517742700805, 0.18523124093433324, 1.0273384579573703, 0.018982325645733062, 0.009925008854045838, 1700246977352455193, 
0.40101635456085205, 0.2241668701171875, 0.2871895309121214, 0.1980388425149721, 0.17883764668738825, 1.107366632156304, 0.0323633626367682, 0.01938946986030682, 1700246977463172708, 
0.058008790016174316, 0.24665671586990356, 0.17188772059380794, 0.23922034931779745, 0.17567513503905213, 1.3617200252307726, 0.04364701282446102, 0.02977205310747663, 1700246977562151707, 
0.03581613302230835, -0.059346914291381836, 0.09943582099656707, 0.08972652096605496, 0.07659019171722162, 1.1715145105960034, 0.05161702395216024, 0.038792888458574926, 1700246977652129245, 
0.434745728969574, 0.20478564500808716, 0.26830349749747556, 0.13959193984499924, 0.1319939612745077, 1.0575630771069142, 0.05765457482576786, 0.04693793740419361, 1700246977752193399, 
0.05440402030944824, 0.6648494005203247, 0.16771584613119284, 0.3848136593897785, 0.3111098869276584, 1.2369059151092112, 0.0677912365249814, 0.06499221262048673, 1700246977863161546, 
-0.6033781170845032, 0.2875121235847473, -0.22005572439897558, 0.30294733369910026, 0.24101195445351425, 1.2569805277336645, 0.07783656468363562, 0.09049997649157902, 1700246977962164517, 
-0.1597137451171875, 0.07805979251861572, -0.19274476198638013, 0.16653626184478687, 0.15307930856483298, 1.0879083751169056, 0.0835748162384689, 0.11145197904949564, 1700246978052197589, 
0.4346081614494324, 0.15253525972366333, 0.12074866971560588, 0.15888120990061697, 0.15388332562089604, 1.0324784004995682, 0.08590647727464418, 0.127109466739058, 1700246978152362172, 
-0.05929619073867798, 0.12456434965133667, 0.030325267881740253, 0.1521129177138346, 0.14920850525241666, 1.0194654618146903, 0.08655030975713691, 0.14194012451591298, 1700246978263656443, 
0.28963255882263184, 0.04164397716522217, 0.15878615647858688, 0.13117928451001346, 0.1309942293065347, 1.0014126973719255, 0.0856404315473409, 0.15528179177834708, 1700246978361554255, 
-0.5523554086685181, 0.05331605672836304, -0.19673718618607702, 0.12222659491816612, 0.12157872257885888, 1.0053288299594283, 0.08368221441040738, 0.16793310995239039, 1700246978453417624, 
-0.20944106578826904, 0.16154873371124268, -0.20122653426918122, 0.14961678839299286, 0.15091098516723495, 0.991424104926438, 0.07995338582409668, 0.18268515187904932, 1700246978554786491, 
-0.03519701957702637, -0.23026114702224731, -0.12152709402778498, 0.04880421526990233, 0.04933278534825768, 0.9892856226417385, 0.07615328042087399, 0.19178234878488712, 1700246978662504193, 
0.43202072381973267, 0.5824077129364014, 0.16325977441241052, 0.2717191925426643, 0.26974614631244737, 1.0073144556731926, 0.06874035244279983, 0.20827476249599058, 1700246978761462944, 
-0.20770567655563354, -0.03450131416320801, -0.02630492668896578, 0.15891646505516183, 0.1645302593899409, 0.9658798669886356, 0.05772777717844612, 0.22538943823045032, 1700246978852509787, 
0.16757941246032715, 0.5266971588134766, 0.07556810540203947, 0.2926140998359683, 0.2993982193757516, 0.9773408153397563, 0.04314870846313479, 0.2450280256293808, 1700246978952583301, 
0.10239052772521973, 0.4728838801383972, 0.09008755575748871, 0.34148504888022224, 0.3365722840801023, 1.014596462728793, 0.02159085364298817, 0.2679964137414322, 1700246979063145711, 
-0.16752135753631592, -0.07740610837936401, -0.04436728657356316, 0.18270951793689907, 0.18668315955498135, 0.9787145148627507, 0.0028222303638687687, 0.28373290267673945, 1700246979159141968, 
0.20128858089447021, 0.25793999433517456, 0.08006147693543159, 0.2309351613681957, 0.23345945996255105, 0.9891874221127717, -0.014477624013136549, 0.2961277530617862, 1700246979252220018, 
0.455392062664032, -0.3289976119995117, 0.2612637647015589, 0.08083999338099865, 0.0847042618638015, 0.9543792909851888, -0.026241282713249162, 0.3020874514029068, 1700246979352556547, 
-0.2060168981552124, 0.33560365438461304, 0.032918430445655816, 0.227839393727688, 0.23346576137394962, 0.9759006733443467, -0.0413381258028546, 0.30949440616055574, 1700246979462150619, 
0.10220885276794434, -0.2503432035446167, 0.06260395636308352, 0.1018327374718519, 0.10776624760779621, 0.9449409228988033, -0.0559896830497607, 0.31396535276552034, 1700246979564198192, 
-0.49709099531173706, 0.3182358741760254, -0.2119674036434972, 0.226596949242152, 0.2329317601719117, 0.9728040052370515, -0.07446238346548643, 0.31887298671104397, 1700246979652250721, 
0.7125884890556335, 0.18796688318252563, 0.2503312038762025, 0.2452105820646036, 0.24639575262520105, 0.9951899716290961, -0.09787219385861638, 0.32180273832317546, 1700246979752549403, 
0.401347815990448, 0.1532624363899231, 0.3250890345824509, 0.2532208694850597, 0.25733788513027284, 0.9840015175257658, -0.12139872836521733, 0.3225328933315399, 1700246979862179510, 
-0.5120388865470886, -0.0897895097732544, -0.09645131011400176, 0.17223542196055527, 0.18047653680009773, 0.9543369183293304, -0.14208145617995302, 0.32110981302026315, 1700246979963206401, 
-0.184501051902771, -0.20379996299743652, -0.14250678740520795, 0.10588036158932383, 0.11449247634939586, 0.9247800813235055, -0.15681658715346217, 0.3186121958517543, 1700246980052239292, 
-0.12524795532226562, 0.40191948413848877, -0.12749033256837497, 0.2516862951407358, 0.271108901579724, 0.9283586546741379, -0.17842944848714018, 0.3136907216137408, 1700246980152854188, 
-0.22176045179367065, 0.45444607734680176, -0.17111961236329767, 0.3303558781283285, 0.3483177832077383, 0.9484324202054959, -0.20951410127381054, 0.3028531175360471, 1700246980262387794, 
0.1524149775505066, 0.05244767665863037, -0.012278747367734849, 0.2407742918091173, 0.26599310944276455, 0.9051899589185646, -0.23685859230325376, 0.28976808905510343, 1700246980362201990, 
-0.4836503267288208, 0.05344206094741821, -0.24845264173456696, 0.2058956063351001, 0.23517611639174205, 0.8754953925343836, -0.25925950964718825, 0.2767811571678062, 1700246980453254349, 
-0.4373043179512024, 0.4395400881767273, -0.33806245462932627, 0.2939350702079065, 0.3326181977207185, 0.8837011090256339, -0.28549974194135, 0.25877546238722243, 1700246980553020425, 
0.05499398708343506, 0.45879554748535156, -0.13917131247873135, 0.3364935578090692, 0.3771979558177116, 0.8920874374295029, -0.314248070786281, 0.234522407321777, 1700246980663218393, 
-0.4473609924316406, 0.030145585536956787, -0.29611355745696133, 0.23125130231341334, 0.276650214747158, 0.8358977871199681, -0.3374141305062382, 0.21089910387853184, 1700246980762203255, 
0.424455463886261, -0.0414118766784668, 0.06229449950953603, 0.17931115242659157, 0.22483642531216985, 0.7975182498904723, -0.35331005587926734, 0.19145842578552863, 1700246980853251019, 
0.4441213607788086, 0.5007721781730652, 0.2577243708768657, 0.307300111441666, 0.3669895453917863, 0.8373538573519914, -0.3711319474862223, 0.16659557278798473, 1700246980952068675, 
-0.029095470905303955, -0.34850919246673584, 0.107301385627773, 0.14076482538984614, 0.1930708985847284, 0.7290835978995149, -0.38313419165353635, 0.14542477378532412, 1700246981062321210, 
0.09659630060195923, 0.47615188360214233, 0.10730534443050091, 0.2665114004153867, 0.34860361616599433, 0.7645112903489852, -0.39635163811990864, 0.11948828276947411, 1700246981162193775, 
-0.4506879448890686, 0.3679006099700928, -0.17034596080888617, 0.2921245720216884, 0.37499970361783763, 0.7789994744086323, -0.4102679295768301, 0.08510517432968778, 1700246981253269758, 
0.41859740018844604, 0.4998880624771118, 0.12589911627757225, 0.34451888134833536, 0.42842203680761, 0.8041577037341973, -0.4225105512934489, 0.04590134738269361, 1700246981352995170, 
-0.34788328409194946, -0.008170127868652344, -0.11499649354683297, 0.22857547574772408, 0.3156201096447779, 0.724210748183884, -0.43030732383551445, 0.011134630800864869, 1700246981462214863, 
-0.30985450744628906, 0.6318972110748291, -0.20745675746182035, 0.32873726527833386, 0.4321366079340897, 0.7607253337085329, -0.436841785064073, -0.02918611312502656, 1700246981562216643, 
0.3759998679161072, 0.16980808973312378, 0.0817425996384411, 0.26131376097272113, 0.3649965562010046, 0.7159348671465682, -0.439529020811426, -0.06805057352621152, 1700246981654312755, 
-0.29377657175064087, 0.8805042505264282, -0.10007014263964667, 0.41221517259864227, 0.5207422375736028, 0.7915915838119025, -0.44007608681017585, -0.11543374187343106, 1700246981752942979, 
0.39258694648742676, -0.06804317235946655, 0.1396761914598096, 0.24090534676799885, 0.3501901473387701, 0.6879272549462955, -0.4366394986117981, -0.15539164519559448, 1700246981862262979, 
-0.3539835214614868, -0.2063959240913391, -0.11085793501365851, 0.15567676553738974, 0.24556711051439445, 0.633947946902541, -0.4323777569266992, -0.1831671475285112, 1700246981962216564, 
-0.2640169858932495, 0.7992733716964722, -0.17962222090901037, 0.30816851422302977, 0.4446273640682997, 0.6930939009315937, -0.42470247882923146, -0.22253221279659147, 1700246982053271054, 
0.06994301080703735, 0.07404983043670654, -0.05776183850829236, 0.22982347989090338, 0.3553022683749509, 0.646839326250432, -0.41385606117642637, -0.2597896090213979, 1700246982152718602, 
-0.8839249610900879, 0.001900315284729004, -0.47170451227925364, 0.1845594172620871, 0.29481516775541117, 0.626017374435782, -0.4026504528073675, -0.29139425980846934, 1700246982262431816, 
0.2953147292137146, 0.4869716167449951, -0.0840036400651486, 0.2620920094333642, 0.39353887476358207, 0.6659875967547441, -0.3876130518596963, -0.32693417418529447, 1700246982362196446, 
-0.05168074369430542, -0.34299689531326294, -0.07329999935852596, 0.13331302762875716, 0.2352026437312901, 0.5668007192175192, -0.3744571358980024, -0.35210380707095806, 1700246982453277465, 
0.27128589153289795, -0.035442888736724854, 0.09952285405962344, 0.1435593977745623, 0.2561661483144083, 0.5604151786611676, -0.36185924231744865, -0.37365038058614297, 1700246982552499358, 
-0.44524121284484863, 0.02526545524597168, -0.17170533906942867, 0.16153037599811865, 0.2775438879387817, 0.5819993990779132, -0.34662581406073123, -0.3968104216626247, 1700246982662318152, 
0.10326921939849854, 0.19435036182403564, -0.03236448883978807, 0.19173926024353796, 0.32360998952203224, 0.5925010551334783, -0.32744497467640765, -0.4225837603616715, 1700246982762220509, 
0.3336271643638611, 0.2647594213485718, 0.15177124877905723, 0.22448510999376542, 0.36635993585370963, 0.6127447027488401, -0.30481333385066917, -0.4493000551854227, 1700246982853284032, 
-0.06801730394363403, 0.9593439698219299, 0.04828951938043277, 0.39431265817714656, 0.553130485068821, 0.7128745726753531, -0.270268574898278, -0.48597669498909474, 1700246982952461031, 
1.0188782215118408, -0.12212270498275757, 0.5259207604332384, 0.21440032690046681, 0.38194215129447606, 0.5613424079374914, -0.24043039853205664, -0.5124836725429384, 1700246983064226092, 
-0.3903806209564209, -0.24860602617263794, 0.06394882812531572, 0.14613922162126658, 0.29539022815445637, 0.49473275583392673, -0.21676752468968924, -0.5314861917582256, 1700246983162213047, 
0.3168320059776306, -0.15337854623794556, 0.18904676677806065, 0.1342091915469043, 0.273285103694129, 0.49109589118738173, -0.1950980875994136, -0.5469470706900241, 1700246983253295746, 
-0.153300940990448, 0.14048856496810913, 0.019700791986366345, 0.16932166240268334, 0.3310759634475913, 0.5114284366629552, -0.16899510530417486, -0.5641691012037734, 1700246983352213486, 
0.35597938299179077, -0.06215769052505493, 0.1865303558045271, 0.15132485912439156, 0.3086161671665924, 0.490333544459794, -0.14273157209509651, -0.579305359278894, 1700246983463317319, 
-0.3019694685935974, 0.2637211084365845, -0.05596489044238975, 0.18630205295957605, 0.3584754526546116, 0.5197065840351325, -0.11207017160047462, -0.5953417242778184, 1700246983562340925, 
-0.08128637075424194, 0.08590471744537354, -0.0689167631618565, 0.17674233785354668, 0.3436236255772247, 0.5143486206940863, -0.08003976687363298, -0.6098605068233828, 1700246983653427478, 
-0.3955550193786621, -0.3901652693748474, -0.2352600172903047, 0.10644482863861257, 0.2389025455956244, 0.4455575321444467, -0.054432510113915235, -0.619858906160203, 1700246983753113038, 
-0.2945650815963745, 0.012494027614593506, -0.2628687380133513, 0.12786372565645707, 0.27138995673888666, 0.4711439111193014, -0.027399674309840617, -0.629241350511753, 1700246983863221877, 
0.25497084856033325, 0.7710765600204468, 0.002150194055524579, 0.24722945777168176, 0.4401048032761872, 0.5617513281638357, 0.012743532659898976, -0.6412257702596573, 1700246983962217027, 
0.14083880186080933, 0.2685585021972656, 0.0707864452684586, 0.22955252745159463, 0.4255762878949002, 0.5393921935525803, 0.054150670994430695, -0.6508111904012215, 1700246984053376446, 
-0.2955666780471802, 0.7404546737670898, -0.10872485350920445, 0.30833611618645795, 0.5226562286522614, 0.5899405752449247, 0.1041330367271659, -0.6598770309431922, 1700246984152493114, 
0.21277016401290894, -0.3128138780593872, 0.04537806576902699, 0.1469832109378624, 0.338432221786276, 0.43430619626604006, 0.14213216194077216, -0.6641339862719111, 1700246984263385042, 
-0.14761412143707275, 0.8897274136543274, -0.045499233770688804, 0.2817180137398476, 0.49056248398394886, 0.5742754958592907, 0.1871202843978983, -0.6673656235315304, 1700246984361315902, 
0.06232172250747681, 1.0396811962127686, 0.012891097588137314, 0.41407259558751114, 0.6169073527857225, 0.6712071005763093, 0.2461364584927148, -0.6683825373804094, 1700246984454634561, 
-0.14368730783462524, 0.21904617547988892, -0.06984186472689033, 0.2806117256129551, 0.4880791347174016, 0.5749307963665147, 0.29821990093507467, -0.6656861287917132, 1700246984556022264, 
-0.2393115758895874, -0.267062246799469, -0.15982106707066818, 0.14962398356608542, 0.3320270281487884, 0.4506379628198091, 0.33669220034890646, -0.6613826227057368, 1700246984663910418, 
-0.013519465923309326, 0.25348252058029175, -0.08464280173598984, 0.17954357015083916, 0.37846988471804, 0.4743932804180684, 0.37390283897019433, -0.6555855410663652, 1700246984761709183, 
0.16077828407287598, 0.04000276327133179, 0.03762563199917228, 0.16307139420866554, 0.3677318325357046, 0.44345193910519637, 0.4104659126078393, -0.6480449272151331, 1700246984853663630, 
0.26476800441741943, -0.29791539907455444, 0.14843492383639895, 0.11153346070204327, 0.30238591237174994, 0.36884476471551114, 0.44042291286416574, -0.6403617079950539, 1700246984953782875, 
-0.1782780885696411, 0.4729902744293213, -0.011465765628075303, 0.18501936633277166, 0.40269286056154446, 0.45945529323456863, 0.47667977262081124, -0.6297146392545176, 1700246985063397558, 
0.10605579614639282, 0.034858882427215576, 0.046077145213205196, 0.15759172742789912, 0.37116675866302096, 0.4245847014844755, 0.5121265108398697, -0.6174756558894041, 1700246985160336300, 
-0.42075443267822266, -0.2576310634613037, -0.18912709857582966, 0.11212012810904164, 0.3073010352933236, 0.3648543780596809, 0.5427503483689429, -0.6055130162070724, 1700246985253332089, 
-0.20602089166641235, 0.5563220381736755, -0.19343705024775146, 0.18643538287933228, 0.406110024186584, 0.4590760428845658, 0.5798688686915738, -0.5893876444960984, 1700246985353762258, 
-0.5371583700180054, -0.2966699004173279, -0.36778640898930826, 0.10803023770746961, 0.3027971142743313, 0.35677433045017476, 0.6111839368022346, -0.5741804186647643, 1700246985463203364, 
0.10497123003005981, 0.0103607177734375, -0.1303410830717729, 0.11388710471778461, 0.31525709601078755, 0.3612515187093127, 0.640500827730947, -0.5584649927452628, 1700246985564216535, 
-0.7836854457855225, 0.3387458324432373, -0.4537566750031897, 0.1556132150028822, 0.37150601007108314, 0.41887132585851705, 0.6744979594386296, -0.5388132900025359, 1700246985653664520, 
0.29465430974960327, 0.2800823450088501, -0.07815737055101823, 0.17196272233640697, 0.39576921883384897, 0.4345025185210273, 0.7091656535781392, -0.5166061849852549, 1700246985753885031, 
-0.38640695810317993, 1.205007791519165, -0.22538031487516377, 0.35139395638429793, 0.5743914599379922, 0.611767376245866, 0.7550633000791287, -0.4844570170502972, 1700246985863387702, 
-0.33203399181365967, 0.20194172859191895, -0.2813059731585159, 0.24061057420178575, 0.47465802956054914, 0.5069135234571915, 0.7956190196221727, -0.4524368053500774, 1700246985963322368, 
-0.36209994554519653, 0.23188942670822144, -0.3221583506597997, 0.20467698722173908, 0.4318405001892443, 0.47396431583430465, 0.8307719544612473, -0.4215233886177463, 1700246986053399602, 
-0.04725760221481323, -0.07712346315383911, -0.18653277273045304, 0.14684596510279646, 0.3602506077366183, 0.40762169986443586, 0.8593290145233804, -0.39379742305797016, 1700246986153541312, 
-0.3226836323738098, 0.3126363754272461, -0.2525706975010596, 0.1712294940205037, 0.3945456532768272, 0.4339915865208202, 0.8873996854224874, -0.3643137801708313, 1700246986263584959, 
0.22472143173217773, 0.5241826772689819, -0.011482574573838167, 0.2176203642230598, 0.45780670213898705, 0.47535425586013313, 0.9172690138234404, -0.329974368929518, 1700246986363244540, 
0.024488329887390137, -0.29502201080322266, 0.002370636444042569, 0.11954793424014296, 0.3409092536965459, 0.35067377298756564, 0.9399420216586153, -0.30131111315885845, 1700246986453415593, 
-0.23341059684753418, -0.32889777421951294, -0.11672612433830365, 0.09374229850268859, 0.2981853837843505, 0.3143759003643304, 0.9584529311474781, -0.2760349344345643, 1700246986553083913, 
0.4689844250679016, 0.20761865377426147, 0.17817988296459158, 0.1361779474189911, 0.36787777214103534, 0.37017171933612725, 0.9781128554773033, -0.247125362226833, 1700246986663396517, 
0.1392143964767456, 0.0897483229637146, 0.15865983732841768, 0.14451279642667847, 0.3829256257539224, 0.3773912914346088, 0.9976143311123371, -0.21615594132577606, 1700246986763271637, 
0.21913915872573853, -0.05795842409133911, 0.1875650536902144, 0.13208302408212946, 0.3619606394837995, 0.3649099091837614, 1.0149828062491943, -0.18597071135811563, 1700246986854498006, 
-0.4452669620513916, 0.20111000537872314, -0.12762173038722183, 0.14923917811383705, 0.3922409470500602, 0.3804783239389595, 1.033404470554406, -0.15156652366306556, 1700246986953793380, 
-0.030662178993225098, 0.471204936504364, -0.0770771000149518, 0.1915160063196316, 0.44287750035721957, 0.43243561970332006, 1.0527272216038366, -0.11163633838249976, 1700246987063445385, 
-0.00024622678756713867, 0.7504340410232544, -0.035967531681011265, 0.2772937084526471, 0.5147705851164447, 0.5386743463399746, 1.0726463654640017, -0.06519908056821008, 1700246987163253729, 
0.1719294786453247, 0.46458590030670166, 0.06778628833699396, 0.2689195436334595, 0.5139267431085529, 0.5232643508817318, 1.0905075772808488, -0.017173433957556414, 1700246987253479662, 
-0.1898602843284607, -0.04394805431365967, -0.06463398212397986, 0.17013961238271544, 0.4108339035223313, 0.41413235598134446, 1.1036137515290874, 0.024448706348610467, 1700246987353180995, 
0.12597757577896118, -0.2870744466781616, 0.027543757126429258, 0.11251219257871943, 0.3239568597695307, 0.34730609704873305, 1.1123089121553076, 0.05766040537107462, 1700246987463258928, 
-0.16162705421447754, 0.5093276500701904, -0.0637285801958446, 0.17399628476868287, 0.4135726701664588, 0.42071514227149276, 1.1212188765935815, 0.09647325345828028, 1700246987563268929, 
-0.0634070634841919, 0.3566593527793884, -0.06248654431734318, 0.19315920005348905, 0.438532692400605, 0.44046704704295053, 1.1292528152604124, 0.1397394002898015, 1700246987653506345, 
0.10938370227813721, -0.3805510401725769, 0.019235822917732757, 0.10470836158422717, 0.3183427581525594, 0.3289170521480742, 1.133928568280365, 0.17346979480568045, 1700246987753843952, 
-0.11149942874908447, -0.6124505400657654, -0.04833094850199187, 0.06613925548459605, 0.2529899676767271, 0.26143034876825394, 1.136747996571266, 0.20012492438677637, 1700246987863255739, 
-0.4187169671058655, -0.22370535135269165, -0.23197813592008365, 0.07758314303840165, 0.2790823909863566, 0.2779936876855639, 1.139105922721607, 0.22910283481997926, 1700246987963270933, 
0.43535202741622925, 0.4017012119293213, 0.10469225589853765, 0.13729592064635487, 0.36942258094044966, 0.37165004991529405, 1.140794815550971, 0.2649294264063806, 1700246988054476414, 
-0.016917824745178223, 0.0761910080909729, 0.04396031418793238, 0.14309465992131512, 0.3772419326486158, 0.37931801196289994, 1.1412821716216563, 0.3019488467024116, 1700246988153689652, 
0.2528080344200134, -0.3346021771430969, 0.14604183414241528, 0.0993502435237038, 0.32181592403175613, 0.3087176118540987, 1.140495858523763, 0.33390862179352504, 1700246988263493428, 
-0.5336594581604004, -0.1941707730293274, -0.19358852573325086, 0.09319377714202398, 0.31715021161311735, 0.29384743799480245, 1.1388017328776059, 0.36643568445273356, 1700246988363262379, 
0.15131711959838867, 0.04831176996231079, -0.020104440549535946, 0.11266248668861568, 0.3408812207544681, 0.3305036471040007, 1.135797382726496, 0.40072757274565174, 1700246988453503923, 
-0.22875243425369263, 0.24912410974502563, -0.12258949202367322, 0.14334242026716368, 0.38467271431027783, 0.37263474879984176, 1.1312726794860608, 0.4392079798138659, 1700246988553372610, 
0.04479724168777466, -0.2815433740615845, -0.04071516492531976, 0.09894522690247702, 0.32629339293512793, 0.3032400564793196, 1.126066460963283, 0.47288567540626747, 1700246988663276179, 
-0.5836784839630127, 0.08614051342010498, -0.3106996281936215, 0.12194515086017071, 0.344363506892857, 0.35411751947953046, 1.119425282517282, 0.5082530659578187, 1700246988763270994, 
0.06179404258728027, -0.2580491304397583, -0.12525889149516206, 0.09730041432610273, 0.30449727369722024, 0.31954445156331457, 1.1122686569797353, 0.5401648671156049, 1700246988853498705, 
-0.39408814907073975, 0.7705613970756531, -0.25441851027820517, 0.19470648369607357, 0.43440570847560434, 0.4482134555260064, 1.1014414184481627, 0.5824246204900141, 1700246988953333314, 
0.10474258661270142, 0.25057297945022583, -0.07483171825475574, 0.18222299063855793, 0.42337736932980213, 0.4304032379600574, 1.0886949799601786, 0.6243226326996436, 1700246989064265660, 
0.128501296043396, -0.015381455421447754, 0.025325168145106644, 0.14759135654479463, 0.3805670591678158, 0.3878195786769668, 1.0757499690681123, 0.6609421389926092, 1700246989163265118, 
-0.21325427293777466, 0.30433499813079834, -0.09251733667504662, 0.1701447654671791, 0.41569774911988955, 0.4092992223975416, 1.0604952755720822, 0.699558311902, 1700246989253377272, 
0.04978764057159424, -0.19422942399978638, -0.02338644738023425, 0.12426798114290243, 0.354191333876706, 0.35084986349824165, 1.0454686389570516, 0.7332769393559481, 1700246989353773297, 
-0.007441043853759766, 0.05004149675369263, -0.01506838982082428, 0.12664429207843755, 0.36266937737316074, 0.34920040119110934, 1.0295214204960785, 0.765956482950636, 1700246989463279588, 
0.3461376428604126, -0.040154993534088135, 0.16485816520214291, 0.12996797257448728, 0.35466371456276596, 0.3664541007097766, 1.013146434865927, 0.7962871542159342, 1700246989563276896, 
-0.17633122205734253, 0.3800164461135864, -0.0035493441876985055, 0.16849374787845187, 0.42186221921389105, 0.3994046876073128, 0.9927164318080898, 0.8317074506418729, 1700246989653679214, 
-0.3337300419807434, -0.16501039266586304, -0.17056473381733436, 0.11795598040969019, 0.3535109862099315, 0.33366991412154406, 0.9727290220057413, 0.8633347353391063, 1700246989753715447, 
-0.20313584804534912, -0.3146771788597107, -0.1883231686776043, 0.09513259444966181, 0.29200993178329593, 0.3257854754072572, 0.9548650241203628, 0.8892266586783759, 1700246989864318265, 
0.14444738626480103, 0.17286068201065063, -0.019760695387361416, 0.12361480730629193, 0.3497268793111684, 0.353460985182972, 0.9342115100203006, 0.917520105472456, 1700246989963465080, 
-0.23016077280044556, -0.04079824686050415, -0.12481076023949578, 0.10907985413795696, 0.3448683305061739, 0.31629420416150444, 0.9123062336576536, 0.945561877740901, 1700246990053626045, 
-0.04178512096405029, -0.15592581033706665, -0.08383569893150175, 0.10323197826800819, 0.31950839460059366, 0.3230962942211734, 0.8909916759085242, 0.9707583255976461, 1700246990153607240, 
0.006084263324737549, 0.25414228439331055, -0.0369361885125053, 0.14294587312438492, 0.37078853913887666, 0.3855185854890876, 0.8663619627784457, 0.9981191717016248, 1700246990264343994, 
-0.2007237672805786, 0.12529057264328003, -0.11825116928991844, 0.13870232515030034, 0.3783550617949135, 0.36659302109583936, 0.8395030855039513, 1.0260357517218737, 1700246990362632904, 
-0.015844106674194336, 0.10648643970489502, -0.06679210740185228, 0.1421516000119865, 0.3777865791362983, 0.37627488074609683, 0.8117023523507233, 1.0526642183142496, 1700246990454424212, 
0.1940024495124817, 0.24378085136413574, 0.06417595566177757, 0.16106227545212976, 0.3972627604253129, 0.4054300868263995, 0.7823704254457232, 1.0786469070826372, 1700246990555800286, 
-0.3083328604698181, 0.12533605098724365, -0.12208383229878432, 0.15332062607029637, 0.389489492259331, 0.393645089578468, 0.7517712860267284, 1.1038377686014862, 1700246990663711448, 
-0.3277525305747986, -0.6250613927841187, -0.228822569153876, 0.07033630487594872, 0.25785197140764776, 0.2727778441714973, 0.7281557656413767, 1.121768388525505, 1700246990761950292, 
0.05109626054763794, 0.7622620463371277, -0.08334907609462228, 0.16824646735769822, 0.4039645598671685, 0.4164881875108573, 0.6962694390308514, 1.1444711057690475, 1700246990811215672, 
0.4641685485839844, 0.059336960315704346, 0.18934479091147965, 0.15157481452849475, 0.3856633062213644, 0.39302368693975076, 0.6644284243505505, 1.1651853938817314, 1700246990954308608, 
0.35857152938842773, 0.28306901454925537, 0.27447676406878396, 0.1727363479355116, 0.4260739351431396, 0.4054140225157889, 0.6301582687092159, 1.1856802344915716, 1700246991063713096, 
0.06903660297393799, 0.2793838381767273, 0.17176242305223244, 0.1857533356832724, 0.4454664136512347, 0.41698617446994046, 0.5929144612315076, 1.205942192086736, 1700246991161746164, 
0.047419965267181396, -0.24017268419265747, 0.10610170118361699, 0.12485155178134111, 0.3572286882632909, 0.3495003505690474, 0.5606413563576741, 1.2217079036460394, 1700246991253482669, 
0.23818188905715942, -0.4679933190345764, 0.16930225879271055, 0.07948644361503594, 0.2919720286717509, 0.2722399264636355, 0.5340162013685357, 1.233604092180907, 1700246991370799007, 
-0.185438871383667, 0.0036672353744506836, -0.0067726592591255685, 0.10276409692245062, 0.3324599401972116, 0.30910219397107536, 0.5043657161180567, 1.2459043934094896, 1700246991463373206, 
-0.38663846254348755, -0.03677934408187866, -0.19616172559201156, 0.11115551595915779, 0.3327442093185143, 0.3340569507935625, 0.4722774457576687, 1.2580545563226337, 1700246991564276273, 
-0.15363699197769165, -0.03272801637649536, -0.17426064602340965, 0.11057627251978318, 0.33382869113781694, 0.3312365756906532, 0.4390861918765461, 1.269448485247925, 1700246991653434858, 
0.16323691606521606, 0.2056710124015808, -0.003942680764329215, 0.13741388387535602, 0.3752867386957799, 0.3661570466169559, 0.40309759751230967, 1.280415142542361, 1700246991754054760, 
-0.3854638338088989, 0.5731074213981628, -0.1916305241375365, 0.20283340301873462, 0.4495449457954859, 0.45119716040809593, 0.35951017935839474, 1.2920335044835483, 1700246991863556438, 
0.20694899559020996, 0.15560084581375122, 0.006463040345297044, 0.17528535083271662, 0.41092847830038975, 0.42655926782612175, 0.31835832364238503, 1.3009699681614026, 1700246991964293976, 
-0.15312731266021729, -0.16217315196990967, -0.07536240171862209, 0.11803011738990013, 0.34863214719203084, 0.3385520192000186, 0.282331038252538, 1.3073973130518202, 1700246992053457939, 
-0.18192589282989502, -0.022638916969299316, -0.12833992342632627, 0.12198966058658808, 0.3454564177814895, 0.35312605095022387, 0.2472196475389999, 1.3122427872508826, 1700246992153909093, 
-0.0206296443939209, 0.42455410957336426, -0.07188035806596355, 0.17186085009564905, 0.4119440314653793, 0.4171946598772184, 0.20649446885702294, 1.3164510734345591, 1700246992263349957, 
0.14258354902267456, 0.44611167907714844, 0.03681480726801792, 0.20008079132024192, 0.455762283317421, 0.4390025209279841, 0.16151753218590212, 1.319286366388425, 1700246992363327567, 
-0.19596534967422485, -0.044708847999572754, -0.08153558163755927, 0.14592555397792667, 0.39476994439595725, 0.3696470717931916, 0.12058155083303185, 1.3201301243800077, 1700246992453461794, 
-0.24080073833465576, 0.608916699886322, -0.15818701283767178, 0.2153173365521455, 0.4648479697293011, 0.46319947719150645, 0.0744353146065818, 1.3191882878229293, 1700246992553408574, 
0.39591705799102783, -0.08015090227127075, 0.11596571644079584, 0.15469124561380287, 0.38686866401314673, 0.39985467938686836, 0.03477237557493132, 1.316499078812504, 1700246992663727930, 
-0.11497944593429565, 0.3355259895324707, 0.0019497757787867859, 0.18139126432239952, 0.43155812980534275, 0.42031710630551045, -0.007143346118624359, 1.3121696517469938, 1700246992763326962, 
0.8133245706558228, 0.28101247549057007, 0.40713319390763253, 0.19189982794461768, 0.44791072472487703, 0.42843320633255544, -0.048814492323347135, 1.3058076189528267, 1700246992853457641, 
0.130365252494812, 0.13846266269683838, 0.2672308613988807, 0.17679898076110412, 0.4340861109297396, 0.40729011205272236, -0.08896171597739484, 1.2980292469805217, 1700246992953897140, 
0.5017827749252319, 0.14529401063919067, 0.38320266600763286, 0.17507693491540252, 0.4316233339653246, 0.40562435146165593, -0.12797155233773652, 1.2886612909156467, 1700246993063319089, 
-0.6191349625587463, 0.5023749470710754, -0.11625290557880996, 0.2279840996115961, 0.47942312982542956, 0.47553838233589407, -0.17257553053147248, 1.2762236403855132, 1700246993163331940, 
0.19746971130371094, -0.17009508609771729, 0.03700318904307173, 0.14095744425922496, 0.37715901540944463, 0.3737347869205811, -0.21034621087824387, 1.263737650087044, 1700246993258478654, 
-0.3620787262916565, -0.3787460923194885, -0.16480351787863373, 0.08862319603766232, 0.30227880790288664, 0.29318362293573147, -0.24100343601894306, 1.2523982878593385, 1700246993349394529, 
0.11110132932662964, -0.1451627016067505, -0.026255365465119945, 0.09957355439765618, 0.31317680490289124, 0.31794677268174953, -0.2702783805383072, 1.2403422845571646, 1700246993467301923, 
-0.5472239851951599, -0.03880894184112549, -0.2855774779297914, 0.1042203614865128, 0.32479393200604334, 0.3208814919749597, -0.30151970311909193, 1.226555127789019, 1700246993559322802, 
-0.06566232442855835, -0.04080313444137573, -0.1747430846451748, 0.1090404873806712, 0.3305869677774348, 0.3298390378597195, -0.33296692174987996, 1.211323173054366, 1700246993659478166, 
-0.10247296094894409, -0.7850754857063293, -0.1417793955315596, 0.05081968543162336, 0.22379604908438938, 0.2270803512373902, -0.3552556193969802, 1.1996263587503162, 1700246993749711255, 
-0.5074400305747986, 0.12963652610778809, -0.3209503014617079, 0.09174907462964221, 0.30254572557214754, 0.303256886066179, -0.38296793821950154, 1.1843059347578286, 1700246993866327004, 
-0.7598704695701599, 0.41653650999069214, -0.5364403449929569, 0.14814296428703974, 0.3705600901909848, 0.3997812182382825, -0.4178388480653565, 1.163603887567933, 1700246993963317817, 
-0.2696281671524048, -0.2969655394554138, -0.40449263067958535, 0.0924943180193952, 0.28500034262432555, 0.3245410765744832, -0.4460508652894371, 1.1453533250504733, 1700246994054314793, 
0.034077227115631104, -0.2354680299758911, -0.1846367236129859, 0.08774518701386157, 0.27851706882866617, 0.31504419956336427, -0.4709630185144609, 1.128003876963409, 1700246994153988545, 
0.20348620414733887, -0.5616127848625183, 0.008507786304492476, 0.06867656250659254, 0.24866389824027543, 0.2761822805505636, -0.4916748746925909, 1.11254106710311, 1700246994263360737, 
-0.3904702067375183, 0.45144712924957275, -0.1865734716899089, 0.13108378080413796, 0.363359082671023, 0.3607554814387789, -0.5201601050720204, 1.0902298952223473, 1700246994363322897, 
-0.14626914262771606, -0.24898308515548706, -0.16744512661063446, 0.09966469051766949, 0.3164980025297623, 0.31489832391058264, -0.5459532585292126, 1.0683866379498854, 1700246994453474404, 
-0.07308876514434814, -0.11125731468200684, -0.11975896870676742, 0.10657002724064467, 0.3180228698097749, 0.335101772097049, -0.570349590764659, 1.0462516984692993, 1700246994553968824, 
-0.14931273460388184, -0.08734244108200073, -0.13402681823374216, 0.10573043075762219, 0.3201179588500829, 0.3302858456845831, -0.5942672354416929, 1.0231832113312902, 1700246994663315359, 
0.09626239538192749, -0.019285917282104492, -0.01805199247255443, 0.11861020525768946, 0.33984003093378257, 0.34901775677156915, -0.6180882468491519, 0.9985387039130358, 1700246994763328770, 
-0.4280722141265869, 0.4528951644897461, -0.21984520644669747, 0.1682829691885023, 0.41651400604771577, 0.40402715573800857, -0.6464691971483242, 0.9673141359546181, 1700246994853287871, 
-0.1842334270477295, -0.03386741876602173, -0.20312674547246576, 0.1341015817617116, 0.36447957295153294, 0.36792619316294006, -0.6714301298200724, 0.9373675121359646, 1700246994953470184, 
-0.25673919916152954, 0.3504788279533386, -0.22779404333492836, 0.17347104502186275, 0.40347407745976244, 0.4299434702571756, -0.6968305743013415, 0.904440299977523, 1700246995064333594, 
-0.06280064582824707, 0.43582862615585327, -0.1432648389223696, 0.2032206587304, 0.446361082580702, 0.45528310298794417, -0.7232745916270459, 0.8672046553982746, 1700246995163340900, 
-0.2971075177192688, 0.7163990139961243, -0.21727660897393528, 0.271055592587075, 0.5093375874739327, 0.5321727656727226, -0.7510863081243341, 0.8238982812559488, 1700246995254565412, 
0.31444549560546875, -0.6484490036964417, 0.04076597769447851, 0.08893233680341585, 0.28666456290027864, 0.3102313585734437, -0.7675966395701461, 0.7948627963804032, 1700246995353145726, 
-0.2027943730354309, 0.2201629877090454, -0.0784466267880355, 0.12007068839653817, 0.35480448137115017, 0.3384136748569866, -0.7838951311519676, 0.7642487375722183, 1700246995464371842, 
0.05862528085708618, 0.1584634780883789, -0.008993662993177401, 0.14362440614222824, 0.3780997877423182, 0.37985846805106077, -0.8001633537437999, 0.7304365010205727, 1700246995563502033, 
-0.08690136671066284, 0.4584163427352905, -0.04598716689660833, 0.18757955746121022, 0.43083582893659306, 0.4353852322918498, -0.8172325542295097, 0.6915000112067576, 1700246995654639386, 
-0.05941540002822876, 0.22359424829483032, -0.052664935279028505, 0.17204426321040306, 0.4276464361626557, 0.402304915140146, -0.8331094321257793, 0.6510001520288277, 1700246995753781587, 
-0.44740724563598633, -0.3127424120903015, -0.2527433112936171, 0.10111873775081986, 0.3306577307589896, 0.3058108985346043, -0.8450516676799706, 0.6165575801647721, 1700246995863342698, 
0.01885157823562622, 0.40509283542633057, -0.11443040696835771, 0.14969668764332866, 0.38723622128837115, 0.3865771831603815, -0.8564115552343984, 0.5792955097053847, 1700246995963338324, 
-0.16730666160583496, 0.44894325733184814, -0.1386580981350218, 0.18881386547543938, 0.43811463054082755, 0.4309690941897088, -0.8678825443725201, 0.5365419701226208, 1700246996053284509, 
-0.17454952001571655, 0.30053281784057617, -0.15584364850884666, 0.18708575613533365, 0.44561276020111085, 0.4198393153079804, -0.8779688249727127, 0.49170377789538877, 1700246996155906078, 
-0.6330285668373108, 0.19741618633270264, -0.39400840652935054, 0.17259183873351863, 0.42468859275191573, 0.40639621991057134, -0.8861306712620926, 0.44682824112285613, 1700246996264348993, 
0.5517852306365967, -0.43726325035095215, 0.07523201390492562, 0.09673139765200851, 0.3176286402278503, 0.3045424291166515, -0.890704186672334, 0.41264463480027785, 1700246996362335269, 
-0.09663265943527222, 0.5924890041351318, -0.006889543999503686, 0.17072088400182345, 0.4274795432110944, 0.3993662076070842, -0.8949591523394475, 0.37222229253269995, 1700246996454539972, 
0.029053866863250732, 0.2429618239402771, 0.011183128600789478, 0.1751491749366976, 0.43099770925560466, 0.4063807560351203, -0.8977442957297573, 0.3293390090910651, 1700246996555287250, 
0.16331321001052856, 0.3974516987800598, 0.08814442403373814, 0.20712474500681938, 0.46327007688305666, 0.4470928629804508, -0.8987788801267043, 0.2841847429316013, 1700246996663836513, 
0.17963993549346924, -0.02956569194793701, 0.1314621747351315, 0.1655020225169183, 0.4052500032903661, 0.4083948702607025, -0.8978653419326728, 0.24388441906487296, 1700246996761763269, 
-0.447441041469574, 0.03896111249923706, -0.15849476602366686, 0.14322413415190485, 0.3825324211434973, 0.37441044532583023, -0.8956117953227197, 0.20461947303822312, 1700246996853659078, 
-0.40107566118240356, 0.009705424308776855, -0.2798262283922791, 0.13095201673258214, 0.35637510320741445, 0.3674555701394397, -0.8918929703768783, 0.16669746579656924, 1700246996953784875, 
0.4275120496749878, -0.0933079719543457, 0.0731000772091217, 0.11841536300695453, 0.33413833612794686, 0.35439023363548267, -0.8871538732909632, 0.13284595854616213, 1700246997063979550, 
-0.20264869928359985, -0.15011852979660034, -0.06498002699092023, 0.10890861083841434, 0.3252652883558209, 0.33483010556993337, -0.881609914183006, 0.10040510897428159, 1700246997161686634, 
-0.5355756282806396, -0.0479012131690979, -0.3004245164051558, 0.09952527168082922, 0.2962609967285026, 0.3359378142241095, -0.8751422459414071, 0.06920756324876493, 1700246997253775394, 
-0.11807262897491455, 0.3629518747329712, -0.20608189152251938, 0.1462278829423585, 0.36561442276764233, 0.3999510791599439, -0.8662757114298045, 0.03246177212508606, 1700246997353371431, 
0.3410911560058594, -0.34521615505218506, 0.0652735848308525, 0.09796613664931206, 0.3015409271073659, 0.32488504160641013, -0.8576494514374811, 0.0023042045341139464, 1700246997463559721, 
-0.3700715899467468, -0.11765211820602417, -0.15209973639092808, 0.09473320418554464, 0.30038568469330423, 0.31537190023641726, -0.8483084791626565, -0.02707194399196693, 1700246997565334892, 
0.03213536739349365, 0.32908856868743896, -0.05741692163840291, 0.141324397672872, 0.36670289221937025, 0.38539209990285117, -0.8360247678654265, -0.06148614550096611, 1700246997653315937, 
-0.6566206216812134, -0.31088370084762573, -0.3587467281544866, 0.09405101864842713, 0.2877028320312028, 0.32690334670819937, -0.8242070888545305, -0.0912711787184897, 1700246997753415486, 
0.6499870419502258, -0.06372416019439697, 0.14638737172309357, 0.10213216244063109, 0.31335750101876597, 0.3259285707493395, -0.8115715414197863, -0.12000376738934332, 1700246997864352802, 
-0.30484920740127563, 0.37305116653442383, -0.07646226207326245, 0.15047363891162935, 0.3913722045522758, 0.38447707108829826, -0.7951961306297468, -0.15450105215214097, 1700246997964356494, 
0.306665301322937, -0.23471343517303467, 0.11284056072494544, 0.11122237381386046, 0.33246314064440485, 0.3345404654431194, -0.7795263188390067, -0.18414214929449182, 1700246998053408234, 
-0.4258578419685364, -0.039249956607818604, -0.15588066477565773, 0.11439467392765129, 0.3415573936094455, 0.3349207953567421, -0.7624592703438697, -0.21432139710242537, 1700246998153985069, 
-0.3622558116912842, -0.1711905598640442, -0.25921646534175935, 0.09757572989413536, 0.3141884439476644, 0.3105643500700775, -0.7448032713017004, -0.24320811883033594, 1700246998264572958, 
-0.11724483966827393, -0.14237946271896362, -0.18791812907964964, 0.09674073250893413, 0.3028059710473893, 0.3194809275864449, -0.7270359791174117, -0.270152774380308, 1700246998363538471, 
-0.17616242170333862, -0.5718322396278381, -0.18362677142553646, 0.061498648589265306, 0.23862111906576516, 0.25772508665637417, -0.7118567193713228, -0.2917576240834253, 1700246998453352571, 
-0.06567859649658203, -0.12195473909378052, -0.12281085674830575, 0.08611016747545919, 0.27851415887978986, 0.309176983395754, -0.6947420104575571, -0.3147039371940347, 1700246998553740588, 
-0.19820845127105713, 0.5422382950782776, -0.15644851059475823, 0.15658353053018215, 0.38287252736307625, 0.40897039964869225, -0.6708287683685333, -0.3449331623684961, 1700246998663357288, 
-0.4090585708618164, -0.021078288555145264, -0.2826279225275304, 0.13673907145990835, 0.361719198933349, 0.3780254735251256, -0.6456828747582964, -0.3743476145356927, 1700246998763364330, 
0.6886870265007019, 0.6951553225517273, 0.2063267038225477, 0.21584930930129098, 0.46609179393708167, 0.46310471908979534, -0.6150787174383303, -0.40719367136398343, 1700246998853447080, 
-0.1429603099822998, 0.7834262251853943, 0.03433140172659793, 0.29975068929539445, 0.5492876609443383, 0.545708033528482, -0.5774054557638663, -0.44421991398915767, 1700246998973249055, 
0.10277581214904785, -0.22233980894088745, 0.06301463865561388, 0.15536317027533555, 0.3982544663873039, 0.39011030230165533, -0.5458034046422588, -0.47214379912826404, 1700246999053245335, 
-0.5271388292312622, 0.4553678631782532, -0.2298479567492783, 0.19524323534627455, 0.4440924226054453, 0.4396455003685995, -0.5113507593256207, -0.5002482771059469, 1700246999163356159, 
-0.1172860860824585, 0.0660889744758606, -0.17467565798973544, 0.1586537633026512, 0.39428881844282443, 0.40237956513508766, -0.4775829900074634, -0.5253495780215767, 1700246999258368553, 
-0.14744645357131958, 0.08988124132156372, -0.1608138151357895, 0.14560770548766166, 0.38597522620219443, 0.3772462469168541, -0.4442559282458809, -0.5482086645263374, 1700246999349191882, 
-0.06410306692123413, 0.33809512853622437, -0.11087274793039677, 0.17195240266092618, 0.4191441354980457, 0.4102464715547188, -0.408325686973783, -0.5707738083599262, 1700246999467575895, 
-0.011433959007263184, -0.265444278717041, -0.06378410829101629, 0.11408096113288262, 0.3364451797371341, 0.33907741291468196, -0.37728303470596486, -0.5885150302180477, 1700246999558384294, 
0.04137074947357178, 0.26425981521606445, -0.009325625182608474, 0.14778531071357584, 0.3881855114669188, 0.3807079510904675, -0.3434689434347082, -0.6063485611426593, 1700246999659359992, 
0.7598221302032471, 0.41750389337539673, 0.3763634556576004, 0.18938639651864358, 0.44882505294045455, 0.42196039476381325, -0.30568851294464644, -0.6243371497353459, 1700246999749207544, 
-0.1488906741142273, 0.6382675170898438, 0.11542847211453156, 0.2591996806239629, 0.5139926692442293, 0.5042867265112713, -0.26124403238278554, -0.6433179645952662, 1700246999863418473, 
0.033336102962493896, 0.23655450344085693, 0.07260891575197231, 0.21862123756347598, 0.4714930210341396, 0.46367862897306, -0.2170994282188465, -0.6597150727155835, 1700246999963388679, 
0.1884508728981018, -0.3666617274284363, 0.1256632013678281, 0.11671748680725262, 0.34624552856838986, 0.33709456780522373, -0.1824609122312401, -0.6707273529013539, 1700247000054364849, 
0.4791342616081238, 0.477486252784729, 0.3046345044158296, 0.18357386552587568, 0.43424458555576917, 0.4227430154159047, -0.14452110792439707, -0.6811868937360516, 1700247000153360442, 
-0.10184705257415771, -0.03517436981201172, 0.0994104412735046, 0.1455746636391407, 0.39209832926904037, 0.37127080829577797, -0.10703694339303417, -0.6900723633396196, 1700247000263436753, 
0.26354825496673584, 0.3802880048751831, 0.18268761500480235, 0.19411034197156674, 0.44175098544044544, 0.4394112257113135, -0.06608914004735174, -0.6979427310430153, 1700247000363384363, 
-0.2562559247016907, -0.03898656368255615, -0.03876038242241836, 0.1488819588393165, 0.3864218198861239, 0.38528351966043506, -0.02729270299072431, -0.7038847787022147, 1700247000454358589, 
0.14065194129943848, -0.31411731243133545, 0.04850904205405607, 0.10101862619600263, 0.32017092641830197, 0.3155146762577131, 0.00562887075569091, -0.7075505800505169, 1700247000553880733, 
0.41332298517227173, 0.21331524848937988, 0.23242107589835703, 0.14579829489054383, 0.3813586557354032, 0.38231279845842175, 0.040990205188065426, -0.7102011140897124, 1700247000663363052, 
-0.033933281898498535, -0.03847050666809082, 0.09840289903628024, 0.13070107741269968, 0.37011019910915355, 0.3531409772745903, 0.07693821001382486, -0.7117312379309731, 1700247000763387863, 
-0.45583605766296387, 0.21409547328948975, -0.17729888467415494, 0.1523884246944317, 0.3997614445445188, 0.3811984041333962, 0.11720838751258526, -0.7120515941831773, 1700247000854370569, 
-0.012637913227081299, -0.23355436325073242, -0.09710803238042306, 0.10527310475796679, 0.3266001400723658, 0.3223302498726458, 0.15201513794765256, -0.7109177252629082, 1700247000953407863, 
-0.27278631925582886, 0.23602908849716187, -0.18320824088113752, 0.13772312645367082, 0.3598234236873147, 0.3827519760729967, 0.188591939170789, -0.7085026989723129, 1700247001065449990, 
0.43059730529785156, 0.6219101548194885, 0.12695799027664195, 0.21413237737027235, 0.4599417694433413, 0.4655641031025137, 0.23283504977120456, -0.7039242739025354, 1700247001163388184, 
-0.5417966246604919, -0.4252495765686035, -0.21184357740079374, 0.10237417682959456, 0.31979553708061514, 0.3201238446419836, 0.2674911898968452, -0.6989186724993517, 1700247001253350955, 
0.006818413734436035, 0.13973402976989746, -0.10067679449300673, 0.12569089494128555, 0.35982902347368156, 0.34930727301512066, 0.3034881155639677, -0.6923600656338428, 1700247001353731685, 
-0.07862132787704468, -0.16294121742248535, -0.09050614377264678, 0.10799090075447464, 0.32575778832597424, 0.3315067348333418, 0.3365587465442089, -0.6850746448032463, 1700247001464377964, 
-0.12610328197479248, 0.43283283710479736, -0.10519187886097663, 0.1601452133040247, 0.4059015384040361, 0.39454202103716957, 0.375742084970614, -0.6751811518794163, 1700247001563395529, 
0.03135102987289429, 0.36069798469543457, -0.03572658278687939, 0.18599591323517792, 0.43530243893749093, 0.4272797406997455, 0.41758547413738256, -0.6627763008852601, 1700247001654479554, 
-0.1538844108581543, -0.0706825852394104, -0.09668596846360804, 0.1367469184819448, 0.37330029195909764, 0.3663188093539667, 0.45447818099739673, -0.6501843892168085, 1700247001754278104, 
-0.22276943922042847, -0.4232040047645569, -0.16208446704891372, 0.08294743649184998, 0.29208490070204063, 0.28398399332687746, 0.48428545568975967, -0.6387891220583951, 1700247001864385793, 
0.019300103187561035, -0.04302293062210083, -0.0699636500086708, 0.09811908297481096, 0.3244564740697906, 0.30241061842306016, 0.5146820346359691, -0.6260938352275764, 1700247001963393585, 
-0.4296906590461731, 0.5274181962013245, -0.24628316548278262, 0.16952359921333413, 0.4063270556405226, 0.4172097251710247, 0.5519611237324673, -0.6091009217007594, 1700247002053341288, 
-0.2099757194519043, -0.39667433500289917, -0.23113549791433816, 0.08969972663752432, 0.2959443039919694, 0.30309664834758354, 0.5816773418807734, -0.5942243311776026, 1700247002153196802, 
-0.3745728135108948, -0.028110384941101074, -0.3011034287431533, 0.09959481082093982, 0.318723641939398, 0.31248014805213836, 0.6117566087315381, -0.5780069439447566, 1700247002263396244, 
-0.18515712022781372, -0.040055811405181885, -0.24169121261742899, 0.10926429439058767, 0.3354614078807534, 0.3257134556277421, 0.6426616501045783, -0.5600026287836922, 1700247002362402484, 
-0.6627246737480164, 0.007459163665771484, -0.4511413768090924, 0.11409785635021114, 0.32622583140226813, 0.3497511397542195, 0.6732126944900534, -0.5408336542540892, 1700247002455361436, 
-0.18791067600250244, 0.1272658109664917, -0.31766581795481474, 0.1276072135059306, 0.3461183531964578, 0.36868086400925515, 0.7044967720051345, -0.5197000514237626, 1700247002555795373, 
0.306968629360199, 0.6716902852058411, -0.0013190983704514103, 0.2063356600064787, 0.45603788345500396, 0.45245289370096226, 0.7410726318016759, -0.49293505661671466, 1700247002664573622, 
-0.08517533540725708, 0.4556587338447571, -0.04200957647092046, 0.22722599178571026, 0.48898749330269475, 0.4646867146866925, 0.7791924315567234, -0.46242573821468747, 1700247002762548755, 
-0.022532761096954346, -0.200295090675354, -0.03633805895351207, 0.1350318345799606, 0.3693126146498375, 0.36563017136035436, 0.8085551753335811, -0.43644225440046214, 1700247002854875565, 
-0.22398024797439575, 0.300797700881958, -0.1285760576046533, 0.16001821441026154, 0.403631287363027, 0.3964465080387605, 0.8379780306972133, -0.40849706678255954, 1700247002954574757, 
0.38767123222351074, -0.10505557060241699, 0.12787710806726943, 0.12831035605223026, 0.36281084655455853, 0.3536563398551407, 0.8634824435283014, -0.38211490246788865, 1700247003063177949, 
0.22025275230407715, 0.14402258396148682, 0.17443381057540003, 0.1521086996366519, 0.38890771819569925, 0.3911177189857427, 0.8881145392523231, -0.354649755691348, 1700247003161514798, 
-0.1039959192276001, -0.034806132316589355, 0.03422404533811013, 0.12719744650558196, 0.36742350968901205, 0.3461875551002224, 0.9115903394856437, -0.3266748792919008, 1700247003254746284, 
-0.28894686698913574, 0.03201651573181152, -0.12712678902591742, 0.12992139120626534, 0.3650564707897011, 0.35589395505088706, 0.9343631072536236, -0.29738724084339097, 1700247003354067629, 
0.2818564176559448, 0.24026119709014893, 0.0783982150604857, 0.15414622284967827, 0.39785813200803294, 0.3874401713788924, 0.9572629886933026, -0.2655489216575974, 1700247003463673260, 
-0.33580833673477173, 0.0892249345779419, -0.12892069780731, 0.14971790569778595, 0.38327064207669126, 0.39063233459928787, 0.978825082475539, -0.23311892180415086, 1700247003565506092, 
0.09745389223098755, 0.36034083366394043, -0.014218927963296407, 0.18295454756996374, 0.4226379781013619, 0.4328871446713326, 1.0007256333030898, -0.19715607160209128, 1700247003654628308, 
-0.48480695486068726, -0.7864141464233398, -0.25529938991875395, 0.05623530240660861, 0.23802356868781588, 0.23625938690283665, 1.0146821941214401, -0.17229344812055936, 1700247003753913495, 
0.46322667598724365, 0.027363717555999756, 0.10636709962844887, 0.0966235946494499, 0.3082586654850552, 0.3134497273496253, 1.0282453839847656, -0.1459196091773972, 1700247003864380829, 
0.27426856756210327, 0.02812504768371582, 0.19106913997040154, 0.11709051181822655, 0.3472376352836175, 0.3372057056044317, 1.0424352572500288, -0.11636342523518883, 1700247003964400258, 
0.3990418314933777, 0.21690446138381958, 0.29589402955278116, 0.14938591157104106, 0.39860670832667916, 0.3747701893883117, 1.0572378093040748, -0.08259115118348397, 1700247004054624941, 
-0.5865834355354309, 0.023769378662109375, -0.14568786366925107, 0.1418018614246009, 0.3840866183164823, 0.36919240260476366, 1.0714935286211194, -0.04685191205175931, 1700247004153741393, 
0.10091251134872437, -0.5895664691925049, -0.026132647244804977, 0.06879527734754429, 0.27117119048805843, 0.2536968518806345, 1.081337142492221, -0.019165425286103342, 1700247004264393326, 
-0.19155818223953247, -0.153131902217865, -0.10758211233991564, 0.0832769045804251, 0.2988580781517285, 0.2786503382991906, 1.0907117861457338, 0.009564860044012578, 1700247004364514339, 
-0.00697481632232666, 0.36839455366134644, -0.054446154996765854, 0.13811316751555347, 0.37455579711012676, 0.3687385660058159, 1.1011471859058128, 0.045164399647868905, 1700247004454411888, 
0.10584813356399536, 0.1818523406982422, 0.02639226432487824, 0.15512317930855152, 0.3955166335708779, 0.39220393313939583, 1.110869539690175, 0.08326040180834056, 1700247004554144668, 
0.031345367431640625, -0.11934274435043335, 0.02737740017003647, 0.12274490606716419, 0.35518174122294777, 0.34558337836999664, 1.1184133489967083, 0.11828851257084584, 1700247004664335011, 
-0.485176146030426, -0.4496368169784546, -0.23090994417267624, 0.07776608885198896, 0.28068639073583046, 0.2770568556890916, 1.1238560422748394, 0.14826471345972764, 1700247004764444887, 
0.8008252382278442, 0.25627416372299194, 0.2872953470074246, 0.13265587469980494, 0.3643149561535452, 0.3641241526298894, 1.1287240709711681, 0.18206660419122062, 1700247004854411470, 
-0.018108785152435303, 0.05618637800216675, 0.1344061313871209, 0.1373864112465348, 0.37564018417791073, 0.3657393884714577, 1.13274165133671, 0.21756989405821356, 1700247004954179256, 
-0.029715240001678467, -0.2043898105621338, 0.05095369544878682, 0.11295483658764117, 0.342327510018943, 0.32996131856709593, 1.1353236938347644, 0.251435745769853, 1700247005063467993, 
0.3196660280227661, -0.5883013010025024, 0.1823127761957447, 0.06927842448532413, 0.270980163128301, 0.2556586566542248, 1.1364073853344117, 0.278299262454825, 1700247005159653277, 
-0.40666913986206055, -0.3888012170791626, -0.11179024285125494, 0.07081065044840898, 0.2780091266327755, 0.25470620805173544, 1.1369373157236196, 0.30614876772390986, 1700247005258409896, 
-0.2392016053199768, -0.29687488079071045, -0.17497011912975954, 0.07104705117911565, 0.277546008283399, 0.25598296880051086, 1.1367063113104232, 0.3353335313794522, 1700247005350466253, 
-0.0930367112159729, 0.43763160705566406, -0.13050841781414502, 0.1360469970959877, 0.36582809955630613, 0.3718877725931715, 1.1353457129588294, 0.37222288348950944, 1700247005467481863, 
0.5446808338165283, 0.22981762886047363, 0.20780784073910535, 0.15204967666378152, 0.4003572761601149, 0.37978497136885375, 1.1325599477322652, 0.4110858504240684, 1700247005559427057, 
-0.2216402292251587, 0.4015166759490967, -0.005634004960677896, 0.18922725511918728, 0.441599691059297, 0.42850404778425966, 1.1278697412160736, 0.4538236455198443, 1700247005660418172, 
0.7614621520042419, 0.6132636070251465, 0.3791334818756154, 0.2543453622481572, 0.5046202283446332, 0.5040332272895938, 1.1205130347844925, 0.5004144047799232, 1700247005750463686, 
-0.9062354564666748, -0.44262880086898804, -0.2692587854726633, 0.10177441497139612, 0.33149873048196155, 0.3070129856106166, 1.1134914097132866, 0.5364918249261386, 1700247005867482657, 
-0.14034020900726318, -0.36288100481033325, -0.2053177047383622, 0.08260578334711856, 0.2954640085142328, 0.2795798505628795, 1.1060303954936026, 0.5678516222040014, 1700247005958435326, 
-0.600163459777832, 0.38277363777160645, -0.3991835924898466, 0.1405646168435487, 0.36155869938759455, 0.38877398630329185, 1.0962406256269055, 0.6042056220480622, 1700247006060436059, 
-0.20709246397018433, 0.19219326972961426, -0.3014984634893081, 0.14995393695814538, 0.3776260074315177, 0.3970964234642643, 1.0843193414088528, 0.6431206414043309, 1700247006149308733, 
-0.28465789556503296, 0.537645697593689, -0.28995364719299527, 0.1931114925855956, 0.43950372050067915, 0.4393853420981386, 1.0692067336672768, 0.6864359319861891, 1700247006266751422, 
0.045812368392944336, -0.45733165740966797, -0.1264358009852124, 0.09296673591966999, 0.298149237289024, 0.3118127578154715, 1.0566395613555686, 0.717639550519198, 1700247006359441365, 
-0.4660576581954956, -0.027531445026397705, -0.29464802824696334, 0.10487501764740732, 0.3188370368217055, 0.32892984671054293, 1.0431666276766938, 0.7485151266898321, 1700247006459425833, 
0.049114882946014404, 0.2442072629928589, -0.12053239730972184, 0.1379109054995105, 0.3675887154114633, 0.3751772013597829, 1.026872779688053, 0.7824854217678867, 1700247006549652452, 
-0.4002135992050171, 0.40978825092315674, -0.2579098500655196, 0.18058732454097093, 0.4164901713077756, 0.433593244166911, 1.0069788761150118, 0.8204159633306102, 1700247006664574537, 
-0.05822134017944336, -0.03240621089935303, -0.15926300154377784, 0.13344135879891525, 0.36462699542807625, 0.3659667563622204, 0.9873962379266467, 0.854281452223057, 1700247006764542347, 
-0.03720426559448242, -0.2519593834877014, -0.09958331133791952, 0.10362108484899196, 0.3148099558967044, 0.32915440858227546, 0.969558736483023, 0.8824229680875667, 1700247006854444692, 
0.2591135501861572, 0.3382847309112549, 0.08216062169770057, 0.15397600695114916, 0.3874119002856089, 0.39744779868051167, 0.9484786144834214, 0.9133084031697968, 1700247006955018838, 
-0.37611329555511475, 0.2678369879722595, -0.1458947407609662, 0.16617005696451717, 0.4097681366804428, 0.40552215287081894, 0.9240001303319494, 0.9466391409448083, 1700247007065440967, 
-0.10281455516815186, 0.5789895057678223, -0.12173941479291414, 0.22650949512009325, 0.4720306145900355, 0.47986187361347227, 0.8943536189092274, 0.9835169291757463, 1700247007163461114, 
0.10706430673599243, -0.4236675500869751, -0.0126145330320169, 0.10448474533666086, 0.3177189029811858, 0.3288590774935669, 0.8712921872180202, 1.0096050444641986, 1700247007254413314, 
-0.33148878812789917, 0.7093949913978577, -0.1673326085143312, 0.18727583387411814, 0.4386812910848058, 0.4269063615888602, 0.8420261222692501, 1.0407046900498396, 1700247007354699700, 
-0.05576944351196289, 0.7870539426803589, -0.10826561812887553, 0.27383413804251766, 0.5204562199605626, 0.5261425025591343, 0.8049425084491222, 1.076680939834581, 1700247007464457585, 
-0.15610051155090332, -0.015392482280731201, -0.13552845079346507, 0.17615716832224163, 0.4124917589462767, 0.42705621264347365, 0.7716922858631164, 1.1059072591692973, 1700247007564434692, 
-0.6096654534339905, 0.10732287168502808, -0.3725942375296962, 0.14806861418061126, 0.3824983019927939, 0.3871092065224405, 0.7393833220498752, 1.1321157857502626, 1700247007654515686, 
-0.06929939985275269, -0.2872037887573242, -0.2226884204518711, 0.0965009609604727, 0.30864571348440456, 0.31265932667925667, 0.7113801905842723, 1.152910998539091, 1700247007774807385, 
-0.11831313371658325, 0.13594520092010498, -0.1686985996092455, 0.12043584266192824, 0.3421383890054418, 0.3520091475616689, 0.6824266453438002, 1.1729334645157292, 1700247007864637624, 
0.13184309005737305, 0.5151019096374512, -0.015332064156452274, 0.18379923357023006, 0.4266479527043393, 0.4307983488616438, 0.647065939000115, 1.1955881062780864, 1700247007964443668, 
-0.6247913837432861, 0.04572027921676636, -0.320753723625914, 0.14482342508582438, 0.38231160659492136, 0.37880990947594273, 0.6118217078757923, 1.2163641520239907, 1700247008054519208, 
0.3607507348060608, 0.6057154536247253, 0.02286962330133946, 0.20321581394141733, 0.4590055760618966, 0.4427305996692594, 0.5716032150205227, 1.2377830618449872, 1700247008154210486, 
0.3702661991119385, -0.35454636812210083, 0.19188771208576147, 0.11275888151892718, 0.3399337162756833, 0.331708436439652, 0.5402325318550875, 1.252681061296509, 1700247008264473790, 
0.2927178144454956, 0.2295568585395813, 0.24363882350779847, 0.14284155115432007, 0.40139445584382466, 0.35586328877919815, 0.5060724404880741, 1.2676251856939593, 1700247008363556850, 
-0.26277655363082886, 0.4894612431526184, -0.007749892721420626, 0.1947788523445938, 0.4580926240789874, 0.4251953471990606, 0.4651044021349238, 1.2837823751494786, 1700247008455501480, 
-0.08200013637542725, 0.0918499231338501, -0.046231592580488576, 0.16521209148969657, 0.41504992663491647, 0.398053537388092, 0.42508047475865923, 1.2976726030683625, 1700247008556073756, 
0.47013407945632935, 0.3382672667503357, 0.21226328217334034, 0.18693085483966917, 0.4385633375199956, 0.4262345682991487, 0.38457981920985884, 1.3098097584395836, 1700247008664568707, 
-0.04002922773361206, -0.025729596614837646, 0.08429542674781024, 0.1430715488856023, 0.3985768554576272, 0.3589559878516636, 0.3462173988735569, 1.3197992137483514, 1700247008762464888, 
-0.12783008813858032, 0.7322134971618652, -0.01841354307009807, 0.22693312281310585, 0.4940600600405599, 0.4593229470815264, 0.2998824925446929, 1.3299102463299595, 1700247008854616821, 
-0.11170810461044312, -0.45903587341308594, -0.07062717225347079, 0.10077094855641003, 0.32893282153875447, 0.3063572315009535, 0.26427653735933854, 1.3360898326497983, 1700247008954990505, 
0.3774614930152893, 0.566698431968689, 0.15659785222050862, 0.1812820885609841, 0.42817457297656464, 0.4233835916522447, 0.22462851429259528, 1.3414157470110486, 1700247009064116167, 
0.4897390604019165, 0.5849847793579102, 0.32476601619463247, 0.23415299006534726, 0.5028203973952938, 0.4656791794412174, 0.1779707772526376, 1.3459485794691584, 1700247009162861132, 
-0.05713123083114624, 0.32703202962875366, 0.13274430342526386, 0.22288614572030988, 0.4893281764582188, 0.45549419886990905, 0.1307019604799372, 1.3483473477819967, 1700247009254673020, 
-0.6695845127105713, 0.031129777431488037, -0.2704783185859837, 0.1683519357958156, 0.41335416802917824, 0.4072825407773118, 0.08692918876058715, 1.348657529384748, 1700247009354139536, 
-0.17355561256408691, 0.6794844269752502, -0.2186409241194508, 0.23758460939597498, 0.48559096156564074, 0.489269010753321, 0.03791714089585093, 1.3469250198628389, 1700247009464809124, 
-0.3375357389450073, 0.61397784948349, -0.27625475082673234, 0.26680787044815835, 0.5118621688683307, 0.5212494430640192, -0.014813437533441002, 1.342634745570275, 1700247009565776770, 
0.6358548998832703, -0.021491706371307373, 0.17616103350033385, 0.17284975334257308, 0.41706983418156673, 0.4144383965859416, -0.05811898347461997, 1.3366936187713998, 1700247009654621225, 
-0.461536169052124, 0.2294824719429016, -0.1422675390716, 0.17964777507311552, 0.4220130209536916, 0.42569249324851677, -0.0997660319855154, 1.329283233776681, 1700247009754293405, 
0.1660681962966919, 0.3375436067581177, 0.01291062281584826, 0.19496282149402677, 0.448864839465719, 0.43434638749181115, -0.1435492839653918, 1.3195244279774003, 1700247009864623185, 
-0.29302626848220825, 0.933250904083252, -0.13597230676368446, 0.31391087619177677, 0.5536481320252767, 0.5669862463790363, -0.19536114872616317, 1.3054913531605161, 1700247009964527911, 
0.0932050347328186, 1.0262458324432373, -0.017901802804764347, 0.42219490128046444, 0.6479868324724414, 0.6515485811178428, -0.2556938720611689, 1.2856814865510553, 1700247010054442871, 
-0.34421640634536743, 0.11648398637771606, -0.18603193725298722, 0.2449521182693336, 0.4968275815667194, 0.49303244698470666, -0.3064675877519835, 1.265555776888659, 1700247010154965043, 
-0.10693210363388062, 0.11522811651229858, -0.14821738876520318, 0.18744917125856236, 0.4350971403912134, 0.4308214278080965, -0.34891213332088056, 1.2459786354795255, 1700247010264446587, 
-0.012061238288879395, 0.4577157497406006, -0.0787349972327223, 0.22074719897762302, 0.4639252828524942, 0.475824894949323, -0.3899452016392434, 1.2246344006353287, 1700247010364492063, 
-0.17724710702896118, 0.5227952599525452, -0.12652184196344754, 0.2462109848125358, 0.4942456712952358, 0.49815506561202155, -0.43303945771053104, 1.1997956767303408, 1700247010454486640, 
-0.3176913261413574, 0.7994456887245178, -0.219128750550598, 0.3183424573920904, 0.5583309991745964, 0.5701679789635702, -0.4800112802662336, 1.1695101571808422, 1700247010554787670, 
-0.24773550033569336, 0.06293022632598877, -0.23669271910935555, 0.20218267763475747, 0.44517426375873215, 0.45416524290436733, -0.5199257362508802, 1.1406416062808042, 1700247010664502818, 
-0.2760125994682312, -0.14799463748931885, -0.2586072339038249, 0.1295180260539121, 0.3593304374693538, 0.3604426804644355, -0.5515803333024242, 1.1154148583502617, 1700247010764475428, 
0.22270673513412476, 0.15852588415145874, -0.0170706622502787, 0.14206686210730884, 0.37685327959087933, 0.3769818913650955, -0.5803756425435858, 1.0903732809152045, 1700247010855467891, 
0.25136399269104004, -0.10716313123703003, 0.11583113488937768, 0.12005951103478464, 0.3478208335732066, 0.34517630758743917, -0.60574052982242, 1.0665640255539204, 1700247010954751399, 
0.09945356845855713, -0.5652913451194763, 0.10478430019291592, 0.07474864472273393, 0.2766205293407888, 0.2702208867175064, -0.6254835105980247, 1.046713286669268, 1700247011064505638, 
-0.30483049154281616, 0.5252259373664856, -0.09599426542895863, 0.15823439745244525, 0.386961760911654, 0.4089148164915738, -0.6507570600754764, 1.0197947064894688, 1700247011164478236, 
-0.23977679014205933, -0.33470088243484497, -0.17010679071038906, 0.10151099092917518, 0.3072165362743852, 0.3304216373252524, -0.6725390548756317, 0.9948639156410575, 1700247011254471342, 
0.41677969694137573, 0.08110260963439941, 0.12440651580066106, 0.1214147063509519, 0.34381018578157385, 0.3531445878339623, -0.6937744107734508, 0.9686709990464205, 1700247011354411427, 
-0.07009631395339966, 0.15056127309799194, 0.028029833483818406, 0.14655549498029716, 0.37377410126266736, 0.3920964413671514, -0.715652253445243, 0.9396738605529035, 1700247011464504373, 
0.0032866597175598145, -0.2757316827774048, 0.013666024742398572, 0.1045105360394334, 0.3181106902583581, 0.3285351270482413, -0.7342388273518057, 0.9130324398146288, 1700247011564601852, 
-0.2750125527381897, -0.08382481336593628, -0.1301990407152227, 0.10597272143771376, 0.3223554246324259, 0.3287449608101117, -0.7522087338109776, 0.8854245541341857, 1700247011656487378, 
0.13846904039382935, 0.3981425166130066, 0.006760330087112715, 0.16087410194336446, 0.39564315698121283, 0.4066141397992221, -0.7722180860620799, 0.8521226003388126, 1700247011754362012, 
-0.261618435382843, 0.3617003560066223, -0.12604444556679437, 0.1828805313351682, 0.4265415878673548, 0.4287519354198121, -0.7930127321800438, 0.8144529738545384, 1700247011864654399, 
0.4190393090248108, -0.1955915093421936, 0.14369264718693145, 0.12431126969600208, 0.35423533820096825, 0.3509284825374384, -0.8089876700509638, 0.7820650735033811, 1700247011959688473, 
-0.15316367149353027, 0.35479146242141724, -0.0026935742581773447, 0.16989186634381873, 0.4153970661125415, 0.40898667853804904, -0.8254809615939742, 0.745551517865371, 1700247012060493024, 
0.06964993476867676, 0.2328052520751953, 0.033492097190599236, 0.16787327716293676, 0.41853825085062396, 0.40109422931298727, -0.8411124383845474, 0.7068964302659186, 1700247012150903113, 
0.02056264877319336, -0.1496492624282837, 0.02526669173086655, 0.12403948376107433, 0.37152477237558923, 0.33386598413867774, -0.8539424010841715, 0.6712654715230103, 1700247012266480122, 
