acc_x (m/s^2), acc_y (m/s^2), angular_z (rad/s), stamp, 
0.030357062816619873,0.006873607635498047,7.794031009953525e-11,1696616920165064690,
0.015938997268676758,0.012147367000579834,1.502248790962699e-10,1696616920172242182,
0.014193832874298096,0.012035489082336426,1.1474431047207839e-10,1696616920182282065,
-0.010964632034301758,-0.027549028396606445,1.206848984483403e-10,1696616920192351166,
-0.011150896549224854,-0.013245582580566406,1.2381160916060384e-10,1696616920202368591,
-0.02022576332092285,-0.031272172927856445,1.2159818617463698e-10,1696616920222337957,
-0.010898590087890625,0.0011304020881652832,8.871571144085575e-11,1696616920245048236,
0.017612755298614502,-0.0024635791778564453,1.5370361640739128e-10,1696616920252345329,
-0.00012552738189697266,0.0012791752815246582,6.987875032755712e-11,1696616920373024437,
0.0198061466217041,0.01567387580871582,9.328401345878591e-11,1696616920412671018,
0.008369803428649902,0.0107765793800354,3.10228135834797e-12,1696616920512845671,
-0.027588725090026855,0.016176342964172363,2.932207284788901e-12,1696616920522828983,
0.038626670837402344,-0.008955001831054688,1.2191040887000295e-12,1696616920565094650,
-0.0029836297035217285,-0.026884913444519043,2.8141646868987316e-13,1696616920571890745,
-0.00292891263961792,-0.024989545345306396,-9.589294028694089e-13,1696616920580928729,
-0.010142624378204346,0.00023746490478515625,-5.77479546603467e-14,1696616920592980230,
0.0005026459693908691,0.011062800884246826,-1.8333322749571988e-13,1696616920602968697,
-0.026652514934539795,0.027219057083129883,9.079244175423652e-13,1696616920613083548,
-0.010406255722045898,-0.010464310646057129,9.38040823468456e-13,1696616920622977563,
-0.028284907341003418,-0.005040168762207031,2.3443351284622914e-12,1696616920632966246,
-0.0012836456298828125,-0.012175202369689941,6.554241978649855e-13,1696616920645485228,
0.009515464305877686,0.011201143264770508,-1.2332483312591635e-12,1696616920653017731,
0.01120978593826294,-0.006735503673553467,6.757629192876398e-13,1696616920663301373,
0.013302206993103027,-0.008454620838165283,4.933257595781814e-12,1696616920673123958,
0.039765238761901855,0.011285901069641113,2.5798438854330637e-12,1696616920683089138,
0.027258574962615967,0.011310219764709473,6.882888567085447e-12,1696616920693126970,
0.007223188877105713,-0.0066519975662231445,1.3851764107706325e-11,1696616920703183361,
0.02337205410003662,-0.008408606052398682,1.6292720684655525e-11,1696616920713124496,
-0.00012069940567016602,-0.02272021770477295,2.0717284275411126e-11,1696616920725507700,
-0.005634605884552002,-0.00469970703125,4.791581907149524e-11,1696616920733236656,
-0.002199232578277588,0.01687920093536377,4.072868574323475e-11,1696616920743180487,
-0.023801565170288086,-0.029744982719421387,4.723044232890163e-11,1696616920753168113,
-0.009378790855407715,-0.008102476596832275,5.4772374767017585e-11,1696616920763156563,
0.008455514907836914,0.0063228607177734375,5.4775450578026375e-11,1696616920773544129,
0.004904806613922119,0.011763155460357666,6.824288104810173e-11,1696616920783387636,
0.0029251575469970703,0.015358448028564453,7.229533598988796e-11,1696616920793222506,
0.008560001850128174,-0.004345238208770752,5.882670469082445e-11,1696616920805108440,
0.03494054079055786,-0.04382044076919556,1.0347478836035859e-10,1696616920813209830,
0.022574663162231445,-0.011360406875610352,1.0250766527979201e-10,1696616920823446699,
-0.0012406706809997559,-0.0077034831047058105,1.2237066338880716e-10,1696616920833447946,
0.018790602684020996,-0.007557332515716553,1.4886764057747863e-10,1696616920843368347,
0.003930926322937012,-0.02900761365890503,1.708277618356706e-10,1696616920853422144,
-0.026818513870239258,0.026747047901153564,1.802663161320503e-10,1696616920863607653,
-0.010495185852050781,-0.01622980833053589,2.0860974704415615e-10,1696616920873540144,
0.0019918084144592285,0.007204949855804443,1.9040135355229638e-10,1696616920885086667,
0.0039047598838806152,-0.02319425344467163,2.892649639361526e-10,1696616920893575984,
0.014267921447753906,-0.010532915592193604,2.6103557219948403e-10,1696616920903664344,
-0.010818541049957275,-0.012185156345367432,2.867474665793014e-10,1696616920913493002,
0.018040120601654053,0.01667022705078125,2.990764241377882e-10,1696616920923405664,
0.026680469512939453,0.02388620376586914,3.3727986617898633e-10,1696616920933428361,
-0.01628267765045166,-0.004770398139953613,3.5741475386650825e-10,1696616920943475104,
-0.021960854530334473,0.009612321853637695,3.526557366909977e-10,1696616920953534316,
0.012330055236816406,-0.0011034011840820312,2.9407360987594695e-10,1696616920965839756,
-0.005783438682556152,-0.002871096134185791,4.666691017954133e-10,1696616920973488632,
-0.018360495567321777,0.025865554809570312,3.477724246849452e-10,1696616920983489448,
-0.013095557689666748,0.006084620952606201,3.342932526200202e-10,1696616920993596344,
-0.025325894355773926,0.006096303462982178,3.224226984848344e-10,1696616921003760200,
-0.0058852434158325195,0.022173404693603516,2.9790586027811097e-10,1696616921013559873,
-0.01274937391281128,0.014946520328521729,2.775720377859221e-10,1696616921023546320,
-0.0003427267074584961,0.002283751964569092,2.523008066089904e-10,1696616921033583334,
-0.00018066167831420898,0.021957039833068848,1.8812622589612305e-10,1696616921045167924,
0.01065218448638916,0.025426030158996582,2.346601903277287e-10,1696616921053616238,
0.02133309841156006,-0.01419287919998169,1.7392567723215723e-10,1696616921063648602,
0.007233023643493652,0.00728994607925415,1.6427635200399263e-10,1696616921073731588,
0.02485865354537964,0.007158219814300537,1.4927018043142535e-10,1696616921083653488,
0.006856143474578857,-0.023433983325958252,1.4180940459652912e-10,1696616921093681956,
-0.018256962299346924,-0.01986217498779297,1.269102667382711e-10,1696616921103849945,
-0.02519923448562622,0.008861124515533447,1.223981173071056e-10,1696616921113790245,
0.015792250633239746,0.021335840225219727,1.0305031459409393e-10,1696616921125043135,
0.005290091037750244,0.0069252848625183105,1.1297838496785685e-10,1696616921133788457,
-0.020052731037139893,0.01041412353515625,8.639977485072426e-11,1696616921143803822,
0.008793056011199951,0.01750791072845459,6.429604192918294e-11,1696616921153795914,
0.00515216588973999,0.012003600597381592,5.642477893789163e-11,1696616921163775755,
0.015878021717071533,0.03160816431045532,3.249945938992746e-11,1696616921173877222,
0.006903469562530518,0.020666301250457764,1.1984049558314285e-11,1696616921183841362,
0.005076229572296143,-0.010008454322814941,-7.915793174075032e-12,1696616921193842564,
0.003311336040496826,0.0060233473777771,-2.4065582556361134e-11,1696616921205170522,
-0.02610170841217041,0.03806203603744507,2.7491573566826105e-06,1696616921885605832,
-0.0026444196701049805,0.014794230461120605,3.301826406198274e-10,1696616921895548310,
-0.015327870845794678,-0.01566457748413086,3.325546399762541e-10,1696616921905338936,
-0.011827409267425537,-0.01377958059310913,3.517758407616092e-10,1696616921915414715,
-0.011644482612609863,-0.0010974407196044922,3.4902897574435426e-10,1696616921925826066,
-0.02595299482345581,0.0007838606834411621,3.6155770408250776e-10,1696616921935483376,
0.011749684810638428,0.01161646842956543,3.5402834265994863e-10,1696616921945420862,
0.024215221405029297,-0.008051931858062744,7.39491033443878e-10,1696616921965401912,
0.029177844524383545,-0.01878798007965088,3.94656410136085e-10,1696616921975315833,
-0.009968698024749756,-0.011472523212432861,4.024430568577122e-10,1696616921985383265,
-0.0029538869857788086,-0.007800161838531494,4.2293925374450416e-10,1696616921995326831,
-0.04433012008666992,0.01022249460220337,4.0675343269032315e-10,1696616922005707350,
-0.02608811855316162,-0.00046521425247192383,4.5074544416914536e-10,1696616922015385447,
-0.042243778705596924,0.003172576427459717,3.953598201498441e-10,1696616922025514719,
0.01006251573562622,-0.003995537757873535,2.9989833205059985e-06,1696616922045394498,
0.008923530578613281,0.020791709423065186,0.0,1696616922055351877,
-0.011280834674835205,0.036977171897888184,-0.0010239931324584714,1696616922066178555,
0.030269622802734375,0.010094225406646729,-0.0012707549512177947,1696616922075325000,
0.08369684219360352,0.03533196449279785,0.001424170291587865,1696616922085871829,
0.19528555870056152,0.08790349960327148,0.010563685184841359,1696616922095401908,
0.7579871416091919,0.262731671333313,0.0419351678914671,1696616922105401214,
1.1624761819839478,0.5090436339378357,0.09031013135311514,1696616922118076527,
1.0120174884796143,0.5517674684524536,0.27651952371436633,1696616922125484595,
0.7860903143882751,-0.14945310354232788,0.2568801191079972,1696616922145515457,
1.0738890171051025,-0.03596007823944092,0.2429381111965057,1696616922155732649,
0.8539174199104309,0.3225787878036499,0.267279842250065,1696616922165622876,
0.5778948664665222,0.25430047512054443,0.3041393243606735,1696616922175435395,
0.612644374370575,-0.11040526628494263,0.33065666607452837,1696616922185648660,
0.6216784119606018,-0.11630606651306152,0.3125693640847523,1696616922197706523,
0.47689276933670044,0.24793165922164917,0.524927791345998,1696616922205507835,
0.1930145025253296,0.384269654750824,0.4070755544603339,1696616922216007700,
0.16712015867233276,0.028611838817596436,0.46796318191575725,1696616922225505845,
0.46131592988967896,-0.12872463464736938,0.4640322876505642,1696616922235525140,
0.8805238008499146,0.21266460418701172,0.4839681946318068,1696616922245580926,
0.9530129432678223,0.4006323218345642,0.5046434020840636,1696616922255573585,
0.7496219277381897,0.11650961637496948,0.5194595040524266,1696616922265607897,
0.3316050171852112,-0.05348390340805054,0.43593439273067075,1696616922278041334,
-0.02105790376663208,-0.04968667030334473,0.7519653937547567,1696616922285619792,
0.04143381118774414,0.10457819700241089,0.5861730369161653,1696616922295710264,
0.6205763220787048,0.3760311007499695,0.6057400850799861,1696616922305735142,
0.5930171608924866,0.41639482975006104,0.6450223748825209,1696616922315530422,
0.39161163568496704,0.3742222189903259,0.6618132907695609,1696616922325637443,
0.09134256839752197,0.182702898979187,0.7137605867106892,1696616922335569726,
0.26056569814682007,0.2587507963180542,0.7325747628075392,1696616922345622966,
0.9731639623641968,0.5814353823661804,0.6198583626942977,1696616922357800297,
0.7138746976852417,0.4971455931663513,0.9937748581191778,1696616922365636691,
0.5114272832870483,-0.12930434942245483,0.7890044580151009,1696616922375813717,
0.4739301800727844,-0.48159390687942505,0.8408662651828447,1696616922385635463,
0.5705697536468506,0.22064828872680664,0.8395857393985284,1696616922395637110,
0.8414325714111328,0.8142685294151306,0.8460516006186781,1696616922405704639,
0.03883641958236694,0.015291094779968262,0.8756748941895541,1696616922415632918,
0.41044700145721436,-0.23986178636550903,0.8988886404349176,1696616922425708158,
0.0356941819190979,0.7101026177406311,0.7930710020770629,1696616922437744333,
0.14285743236541748,1.045120120048523,1.2191195773982741,1696616922445889989,
0.743057370185852,0.20347511768341064,1.0351309119238246,1696616922455720027,
0.7059546113014221,0.17528462409973145,1.0272444231627955,1696616922465810934,
1.0029691457748413,0.41878801584243774,1.0607255508788707,1696616922475736402,
0.4463803768157959,0.29059284925460815,1.046737492612177,1696616922485825187,
0.18014663457870483,0.5778468251228333,1.1603311958374323,1696616922494896452,
-0.06516659259796143,0.2099618911743164,0.972176356927411,1696616922505948210,
-0.03446441888809204,-0.03743499517440796,0.9776694750780934,1696616922517395161,
0.6176504492759705,0.5647541880607605,1.378153834061127,1696616922525804205,
0.6767245531082153,0.3977413773536682,1.1767217878130105,1696616922535862096,
0.8687247633934021,-0.016954243183135986,0.9387716141336534,1696616922548475705,
0.025497078895568848,0.04887419939041138,1.5798043557055474,1696616922555869939,
-0.3681759238243103,0.29738205671310425,1.273327794378468,1696616922564903336,
-0.16510933637619019,0.7987636923789978,1.0208716441975563,1696616922575987105,
-0.13804340362548828,0.3714978098869324,1.1208013833440047,1696616922586069851,
0.5063349604606628,0.1390392780303955,1.0206712143202217,1696616922597376373,
0.421032190322876,0.35558605194091797,1.3748549044576004,1696616922605947217,
0.07483935356140137,0.31009042263031006,1.184284931246533,1696616922615977316,
-0.7544237375259399,0.4920721650123596,0.9434291667216851,1696616922628529401,
-0.3523648977279663,0.30389702320098877,1.5815039024438984,1696616922635973204,
-0.3358631730079651,0.06570583581924438,1.3040150111069309,1696616922645012479,
-0.39230889081954956,0.36441314220428467,1.1660096825571695,1696616922655082018,
0.5489895343780518,0.28641653060913086,1.0710309720609485,1696616922666040666,
0.40271955728530884,0.23328447341918945,1.006223448232144,1696616922677717027,
-0.017639517784118652,0.4085022211074829,1.4123550685978914,1696616922686045772,
-0.6606055498123169,-0.04252833127975464,1.178490665297933,1696616922696096428,
-0.3412320017814636,0.7019526362419128,0.9581903490852799,1696616922708566196,
-0.17292183637619019,0.6829093098640442,1.6067404556738303,1696616922716054358,
0.09032976627349854,0.11689460277557373,1.2047426578472769,1696616922726122234,
0.4630647301673889,0.3627038598060608,1.217777479580654,1696616922736144953,
0.26855719089508057,0.08699530363082886,1.2096772644819624,1696616922746159274,
0.07396292686462402,0.7681230902671814,0.994060050712308,1696616922758115731,
-0.3637428283691406,0.3054317831993103,1.4439473679490435,1696616922766239020,
-0.3654544949531555,0.015032947063446045,1.1396883829591735,1696616922776503128,
-0.3243306875228882,0.6489498019218445,0.9657677996997412,1696616922788675106,
0.275797963142395,0.15887439250946045,1.5244491427569502,1696616922796495221,
-0.33476901054382324,0.05155503749847412,1.2089138248600066,1696616922806462391,
-0.10996419191360474,-0.03861534595489502,1.2243169431985186,1696616922816327731,
-0.576679527759552,1.168105959892273,1.1933076961479598,1696616922826443048,
-0.38297295570373535,0.40358662605285645,1.1012314249360893,1696616922837351282,
0.03481924533843994,0.40715062618255615,1.3389251752617204,1696616922846307043,
-0.32055431604385376,0.2778921127319336,1.2129192066816605,1696616922856288579,
0.1505414843559265,0.27421361207962036,1.062947488972974,1696616922867899669,
-0.033490002155303955,0.7412625551223755,1.4860540865776732,1696616922876306954,
0.16921097040176392,-0.2835145592689514,1.232459263194394,1696616922886406775,
0.20802128314971924,0.059164226055145264,1.2385799799084198,1696616922896444690,
-0.25282490253448486,0.7414509654045105,1.2435109948717153,1696616922906424987,
-0.05511462688446045,0.2628137469291687,1.1160016821230274,1696616922917458999,
-0.427074134349823,0.5678842663764954,1.37572769579645,1696616922926429919,
0.05074495077133179,0.0947638750076294,1.2373091878533764,1696616922936442933,
0.33111900091171265,0.13036566972732544,0.9747396382518357,1696616922949250557,
0.10791289806365967,0.568925678730011,1.7335730620621708,1696616922956455343,
-0.14987611770629883,-0.16627871990203857,1.1944487645269604,1696616922966770227,
-0.382335901260376,0.7558852434158325,1.2470294829742876,1696616922976559809,
-0.4256631135940552,0.623879075050354,1.1996205674805138,1696616922986639707,
-0.08704650402069092,0.3887062668800354,1.1244213341410312,1696616922997331518,
0.42227232456207275,0.31625962257385254,1.313358564164461,1696616923006532401,
0.2443547248840332,-0.34567421674728394,1.211660841078238,1696616923016555137,
0.040626466274261475,0.3736788034439087,0.949917611163411,1696616923029369850,
-0.34736835956573486,0.3715944290161133,1.6778541124101243,1696616923036589714,
-0.43845826387405396,0.17058855295181274,1.2004554754324226,1696616923046634885,
-0.4430232644081116,0.5092106461524963,1.2074362182402305,1696616923056622396,
-0.48793190717697144,0.1303827166557312,1.1975506490569117,1696616923066678902,
0.2958022356033325,0.6930102705955505,1.043890037332453,1696616923078135884,
0.40680187940597534,0.4971836805343628,1.378965018477913,1696616923086661082,
-0.22387927770614624,0.2408655285835266,1.1515614448799538,1696616923096685609,
-0.1432729959487915,0.4777444005012512,0.9001278265725208,1696616923109389883,
-0.3798094391822815,0.1916554570198059,1.5641998475319787,1696616923116686134,
-0.14940571784973145,0.3884034752845764,1.1091225858672595,1696616923127021373,
0.10988926887512207,0.1850903034210205,1.1835491934250653,1696616923136775028,
-0.007276654243469238,-0.2650381922721863,1.1676569687581302,1696616923146789718,
0.03731650114059448,0.5558975338935852,1.1022247341763036,1696616923157562292,
-0.35805100202560425,0.5602594614028931,1.3024810791643282,1696616923166797335,
-0.1526520848274231,0.6685566902160645,1.2101334882270598,1696616923176850572,
0.10873419046401978,0.3989482522010803,0.9803872432332132,1696616923189375384,
-0.014289557933807373,-0.14712601900100708,1.6695830226910215,1696616923196809785,
0.05890464782714844,0.5332077741622925,1.2022868317904685,1696616923207185379,
0.17000603675842285,0.3720052242279053,1.2594006223354126,1696616923216985890,
-0.23849737644195557,0.2117093801498413,1.194308378495683,1696616923227173271,
-0.20080548524856567,0.35435521602630615,1.1837903709564759,1696616923237352623,
-0.003405451774597168,0.3490777611732483,1.4159701804724616,1696616923245907393,
0.07065296173095703,0.9089158773422241,1.2216819938916157,1696616923255919259,
0.33255475759506226,0.27327537536621094,0.8796567150148799,1696616923269858780,
-0.16336512565612793,-0.056052446365356445,1.737485497105535,1696616923276948184,
-0.35683584213256836,0.4441954493522644,1.1948850944866811,1696616923287254762,
-0.19996941089630127,0.136505126953125,1.2584301750570501,1696616923297039472,
-0.36168617010116577,0.5605577826499939,1.3614370951414112,1696616923306026596,
-0.25105398893356323,-0.02622807025909424,1.0414870894681472,1696616923317718307,
-0.2779983878135681,0.05154156684875488,1.4689580969422118,1696616923326018857,
-0.3265998959541321,1.0844143629074097,1.107155818854544,1696616923337032445,
0.18938547372817993,0.310696542263031,1.0672770627984285,1696616923348457440,
0.02432936429977417,0.3969271779060364,1.6197947036271403,1696616923356040712,
-0.2956533432006836,0.20012038946151733,1.1011246863520254,1696616923367290872,
-0.05051761865615845,0.38365471363067627,1.2634796432085293,1696616923377110549,
-0.060947418212890625,0.9159919619560242,1.226203343377495,1696616923387107166,
-0.08956146240234375,0.08085602521896362,1.137492880054846,1696616923397765443,
0.12890541553497314,0.3424079418182373,1.2919617550074833,1696616923407142202,
0.05997210741043091,0.3638802170753479,1.2007662305258529,1696616923417178145,
0.3574606776237488,-0.020385444164276123,0.9625853075569164,1696616923429651742,
0.20400738716125488,0.5715944170951843,1.4796381821264604,1696616923437723543,
-0.30893731117248535,-0.08925050497055054,1.25514604769006,1696616923447204939,
-0.1995871663093567,0.3787471055984497,1.1892013938084829,1696616923457272944,
-0.5085664391517639,0.4838786721229553,1.208725357405136,1696616923467245714,
-0.26478612422943115,-0.21569782495498657,1.1974468800216713,1696616923477403853,
-0.286304235458374,0.7968062162399292,1.2373724188048822,1696616923487277481,
0.2910902500152588,0.4412927031517029,1.215576665089704,1696616923497276665,
0.4996318221092224,0.5854011178016663,1.0022389170937918,1696616923509430316,
-0.2623642683029175,0.5712096691131592,1.5598374025469677,1696616923517291517,
-0.42387187480926514,0.082516610622406,1.2214201847242785,1696616923527378883,
-0.2665484547615051,0.670129656791687,1.23433645401356,1696616923537376846,
-0.30168598890304565,0.19668161869049072,1.2246738276945799,1696616923547415689,
0.057394564151763916,-0.037374913692474365,1.1960283293943061,1696616923557690128,
-0.09022462368011475,0.35774528980255127,1.2655577133005242,1696616923567396033,
-0.32006245851516724,0.12394088506698608,1.2212879328406796,1696616923577433315,
-0.40848594903945923,0.7662248611450195,0.9773213037681309,1696616923589950454,
-0.3095141053199768,0.4235725402832031,1.6245492111008437,1696616923597442671,
0.1330825686454773,0.2391936182975769,1.201831836010411,1696616923607524583,
0.6002013087272644,0.45757943391799927,1.2079951821524124,1696616923617508003,
0.36555713415145874,0.07296770811080933,1.194125415702113,1696616923627549508,
-0.41232025623321533,0.45405882596969604,1.190971195867897,1696616923637567676,
-0.6601922512054443,0.27990537881851196,1.1920796886506926,1696616923647533295,
-0.25826603174209595,0.37382328510284424,1.1819429270701864,1696616923657597332,
0.2629967927932739,0.7522857189178467,0.99280776883162,1696616923669606849,
0.8233878016471863,0.17016243934631348,1.4992147012691788,1696616923677559352,
0.8293766379356384,0.16510474681854248,1.1801382379097154,1696616923687637855,
-0.3138173818588257,0.07445675134658813,1.1916562013702021,1696616923697627602,
-0.7638682723045349,0.1001940369606018,1.1907327962848835,1696616923707662035,
-0.5732484459877014,0.8300049304962158,1.2765053766610017,1696616923717000787,
-0.5613260865211487,0.32495826482772827,1.1099239943961856,1696616923727745051,
0.0884825587272644,0.2485114336013794,1.1960367288470741,1696616923737757324,
0.6088234782218933,0.426379919052124,1.00016641100959,1696616923749745770,
-0.059974610805511475,0.5145079493522644,1.4888980254744775,1696616923757766454,
-0.4903079867362976,0.08057552576065063,1.1374152227556373,1696616923768174764,
-0.5334259271621704,0.2769831418991089,1.2287270654510263,1696616923777863313,
0.2611519694328308,0.7595499753952026,1.2049456373225917,1696616923787882696,
0.06263065338134766,0.07087057828903198,1.2307842044664699,1696616923797863449,
0.21986567974090576,0.44333237409591675,1.2657921719138836,1696616923807794344,
-0.1259976029396057,-0.003429234027862549,1.2661315446395236,1696616923817832425,
-0.15789145231246948,0.37060004472732544,1.063656506922113,1696616923829717368,
-0.0839340090751648,1.074045181274414,1.541007691313724,1696616923837812714,
-0.08888757228851318,0.327264666557312,1.222144735594236,1696616923847851174,
0.15056711435317993,0.6230200529098511,0.9751712247797422,1696616923860311443,
-0.31137514114379883,0.05765402317047119,1.6060876752688062,1696616923867870520,
0.19423502683639526,0.36710530519485474,1.3282403144845616,1696616923877002470,
0.30855023860931396,0.5109031796455383,1.1115835457550953,1696616923887871880,
-0.016123533248901367,-0.18758797645568848,1.1614525726181861,1696616923898191657,
-0.11300933361053467,0.1916627287864685,1.0215647249823674,1696616923909885896,
-0.25410473346710205,0.18295466899871826,1.68604664308368,1696616923916981342,
-0.17248666286468506,0.17304426431655884,1.0825890275058194,1696616923928075626,
-0.8101221919059753,0.6465959548950195,0.9736298636270315,1696616923940454799,
0.03232407569885254,0.12379205226898193,1.5710644303047197,1696616923948075358,
0.3997284770011902,0.746256947517395,1.1859581318513353,1696616923958148257,
0.27534371614456177,0.4743835926055908,1.1847040112085527,1696616923968104255,
-0.14696264266967773,0.22633570432662964,1.1761759364359354,1696616923978088824,
-0.6518316864967346,0.9579662680625916,0.9797643491415408,1696616923990125785,
-0.1464616060256958,0.38536834716796875,1.4838370529918388,1696616923998115140,
0.008528411388397217,0.3836120367050171,1.3057079267399059,1696616924007304534,
0.11241710186004639,0.20460247993469238,0.9927133907453441,1696616924019550057,
0.20055580139160156,-0.0285491943359375,1.5959521216438748,1696616924027263834,
-0.2109588384628296,0.6964327096939087,1.2495250584927555,1696616924037167143,
-0.3261721730232239,0.30007487535476685,1.2326283010693222,1696616924047170195,
-0.44211089611053467,0.352453351020813,1.1254372533456771,1696616924058118832,
-0.3770115375518799,0.28387367725372314,1.0628631035390295,1696616924069690472,
0.3231188654899597,0.3154768943786621,1.4501580297588177,1696616924078153844,
0.5390170216560364,0.6974732875823975,1.1928075598620338,1696616924088417747,
0.2964797019958496,0.3767179250717163,0.9381287266073097,1696616924101365250,
-0.09086030721664429,0.4568580389022827,1.7601621450255964,1696616924108234316,
-0.2087864875793457,0.4494737982749939,1.2098598269601903,1696616924118232554,
-0.37292641401290894,0.10884296894073486,1.203014870356337,1696616924128308396,
-0.167080819606781,0.2968077063560486,1.2200966139480058,1696616924138249249,
0.05362963676452637,-0.05221909284591675,1.0880458656091132,1696616924149387519,
0.14971905946731567,0.26221728324890137,1.3565875860432934,1696616924158270435,
-0.17927277088165283,0.8645374774932861,1.1909844941024161,1696616924168301852,
-0.4642866849899292,0.39962106943130493,0.913504165499036,1696616924181357526,
0.13924545049667358,0.6539580225944519,1.7278886779092977,1696616924188296206,
-0.2087494134902954,0.019202888011932373,1.1967907478345876,1696616924198424699,
-0.06857907772064209,0.17126691341400146,1.2213103930243838,1696616924208443087,
-0.015591800212860107,0.5914210081100464,1.2305446163180151,1696616924218395039,
-0.5022767186164856,0.1286664605140686,1.1663451381836687,1696616924228894895,
-0.2353786826133728,0.5226313471794128,1.2863286528711124,1696616924238405881,
-0.40503668785095215,0.3494769334793091,1.2118253870540434,1696616924248485104,
0.10350322723388672,0.5495243668556213,0.9511004430525037,1696616924261388043,
0.4641609787940979,0.8419439792633057,1.7443963799652076,1696616924268475517,
-0.11276102066040039,0.00817960500717163,1.2438588746944998,1696616924278483679,
-0.12792611122131348,0.3617984652519226,1.2423194133137294,1696616924288524783,
-0.2901034355163574,0.2510760426521301,1.241803544535193,1696616924298524096,
0.004362761974334717,0.09106838703155518,1.1267963841072473,1696616924309505746,
0.09461045265197754,0.6947548389434814,1.3633395010764426,1696616924318522335,
0.021642029285430908,-0.05405372381210327,1.2159499174143662,1696616924328589760,
0.1833127737045288,0.7205391526222229,1.236875028005901,1696616924348632240,
0.1285751461982727,0.239879310131073,1.2458590227545496,1696616924358637835,
0.30875831842422485,0.3150707483291626,1.2359938807988653,1696616924368677906,
0.013151228427886963,-0.1347261667251587,1.241709963879709,1696616924378629396,
-0.2171807885169983,0.6242908239364624,1.126053163749536,1696616924389549602,
-0.32488512992858887,0.5664590001106262,1.3343245254829277,1696616924398682137,
-0.30256903171539307,0.16820311546325684,1.2110914998080338,1696616924408683988,
0.004567623138427734,0.5895116925239563,0.927843227577535,1696616924421691492,
0.3538176417350769,0.15649062395095825,1.717151143635134,1696616924428717839,
-0.1333216428756714,0.2629205584526062,1.2069297776569028,1696616924438713565,
0.15440905094146729,0.5516480803489685,1.1907717319461337,1696616924448823755,
-0.2309269905090332,0.2728462219238281,1.216682956795707,1696616924458731433,
-0.05538499355316162,0.8046647310256958,1.1229385010363315,1696616924469441637,
-0.06593066453933716,-0.09139788150787354,1.2755429414948452,1696616924478797071,
-0.1962794065475464,0.34860414266586304,1.1773043548342408,1696616924488856433,
0.012840747833251953,0.7242394685745239,0.9383762724098138,1696616924501368563,
-0.12882286310195923,0.19424909353256226,1.554809269286148,1696616924508842206,
-0.372353196144104,0.6987282633781433,1.1430686513971893,1696616924518996779,
-0.24225085973739624,0.07649856805801392,1.3216328233494934,1696616924527902158,
-0.1072344183921814,0.32986992597579956,1.1020919794994186,1696616924538848844,
0.0009757876396179199,0.43162912130355835,1.0593036512257263,1696616924550473723,
0.2882484197616577,-0.03143054246902466,1.6828940383953876,1696616924557897818,
-0.018250763416290283,0.2934807538986206,1.1156316583665582,1696616924569217822,
-0.4045008420944214,0.406344473361969,1.0494412474504717,1696616924581323204,
-0.5562048554420471,0.6763269901275635,1.9140697247066323,1696616924587930424,
-0.20968389511108398,0.8611183166503906,1.1118326218882177,1696616924599187506,
0.27615946531295776,0.19095838069915771,1.2604332824118216,1696616924608987423,
0.6038753986358643,0.3887336254119873,1.2104397267818445,1696616924619034388,
0.3536302447319031,0.10002309083938599,1.1421096066126963,1696616924629496594,
-0.1664797067642212,0.23690122365951538,1.2435051900380338,1696616924638983114,
-0.6815920472145081,0.6507311463356018,1.1669452661227209,1696616924649070212,
-0.5099494457244873,0.048716068267822266,0.9123656825971409,1696616924662049013,
-0.1618112325668335,0.32907623052597046,1.6782347000617635,1696616924669171419,
0.333063542842865,0.3876721262931824,1.1961927942429198,1696616924679252458,
1.0663106441497803,0.3716390132904053,1.2287795188343136,1696616924689128483,
0.2520511746406555,0.6161679029464722,1.1749190011611386,1696616924699432128,
-0.34408020973205566,0.031273603439331055,1.1683380606857796,1696616924709781047,
-0.5064987540245056,0.4264879822731018,1.2865773092143507,1696616924719179761,
-0.6319780945777893,0.7309401631355286,1.1999705123873905,1696616924729230159,
0.2807914614677429,0.42827075719833374,0.9603924657981372,1696616924741736327,
0.3010029196739197,0.005610406398773193,1.5260379637883423,1696616924749573170,
0.0633552074432373,0.47726595401763916,1.2263761295318214,1696616924759324759,
-0.20871716737747192,0.753417432308197,1.1829397850078625,1696616924769385575,
-0.5310648679733276,0.02546924352645874,1.1991738121143523,1696616924779260904,
-0.14523160457611084,0.43049776554107666,1.1630943265015965,1696616924789542560,
-0.11899489164352417,0.11750459671020508,1.2520292794713261,1696616924799271213,
0.30210500955581665,0.22098231315612793,1.2426289163212352,1696616924809272585,
0.09389454126358032,0.56328284740448,1.0385067057522963,1696616924821344747,
0.10048341751098633,-0.232802152633667,1.5649118650137877,1696616924829312874,
0.3397139310836792,0.9087628722190857,1.2295074601071947,1696616924839364559,
-0.3753756880760193,0.6555143594741821,1.2180665242601834,1696616924849361705,
-0.11974090337753296,0.35345423221588135,1.198515008362053,1696616924859392131,
0.26334095001220703,0.4336165189743042,1.2668586839570668,1696616924868911319,
-0.1662772297859192,0.06979995965957642,1.159693810023741,1696616924879425383,
0.028157711029052734,0.6236242651939392,1.2255258069590884,1696616924889430745,
-0.20993781089782715,0.2630106210708618,1.010319754258308,1696616924901463261,
-0.37500542402267456,0.11549705266952515,1.516503013690186,1696616924909430271,
-0.10999470949172974,0.7327856421470642,1.2010592246028082,1696616924919541192,
-0.024718105792999268,-0.007847785949707031,1.181602161240923,1696616924929860124,
0.04664260149002075,0.3311308026313782,1.2710164919074791,1696616924939507532,
-0.0073089599609375,0.44930070638656616,1.2170501700890326,1696616924949621204,
0.12051022052764893,0.1449766755104065,1.2435417602211298,1696616924959550864,
-0.11088275909423828,0.9243456721305847,1.2309042236321326,1696616924969563711,
-0.05397069454193115,0.08517050743103027,1.0330773855033426,1696616924981367710,
-0.4452025890350342,0.445128858089447,1.4710467879144122,1696616924989630086,
-0.29051876068115234,0.6875573992729187,1.2226636171504808,1696616924999611246,
0.18433040380477905,0.22567963600158691,1.2206039958008628,1696616925009660437,
0.4593960642814636,0.42028576135635376,1.2392656017284436,1696616925019636230,
0.3811035752296448,0.0266457200050354,1.23750869596423,1696616925029656830,
-0.19141864776611328,0.27916496992111206,1.1487199716351482,1696616925040409442,
-0.15557092428207397,0.6830785274505615,1.2109587676070726,1696616925050517740,
-0.6695473194122314,0.22298526763916016,1.0895723656784428,1696616925061724146,
-0.2448897361755371,0.32945168018341064,1.4152297206465567,1696616925070351401,
0.3814457058906555,0.08124291896820068,1.2098808946335657,1696616925080393928,
0.43014729022979736,0.30320030450820923,1.2765057162581024,1696616925089829021,
0.3256627321243286,0.6269050240516663,1.1083441879374507,1696616925100572767,
-0.31035906076431274,0.44624656438827515,1.1947768100617484,1696616925110431859,
-0.6694615483283997,0.6081644892692566,1.1768167171962578,1696616925120385579,
-0.39997655153274536,0.1771666407585144,1.181839957944742,1696616925130362954,
-0.10162240266799927,0.061525821685791016,1.0960471092559116,1696616925141345592,
0.386560320854187,0.4060770273208618,1.365568210543771,1696616925150345201,
0.6709314584732056,0.1542646288871765,1.2032113131365456,1696616925160614487,
0.1143295168876648,0.3933253884315491,1.0453709545002767,1696616925172284733,
-0.33734333515167236,0.5560015439987183,1.4794652269653232,1696616925180401338,
-0.34875500202178955,0.6658002734184265,1.1862771092892945,1696616925190490456,
-0.2728579640388489,0.8130471110343933,1.198114249284959,1696616925200528580,
0.0730431079864502,-0.14428448677062988,1.2255804297701691,1696616925210463357,
0.43517762422561646,0.03975909948348999,1.1009274523452566,1696616925221674187,
0.0073136091232299805,0.4083338975906372,1.4098728431834033,1696616925230442751,
0.04353147745132446,0.2621380686759949,1.1996102052258082,1696616925240582284,
-0.3752583861351013,0.5543522834777832,1.0047765760865546,1696616925252493422,
-0.5533186197280884,-0.043866097927093506,1.4759910505576894,1696616925260557034,
0.45634186267852783,0.49036556482315063,1.1853595015502105,1696616925270626995,
0.3417624235153198,0.5597407817840576,1.2150045528641071,1696616925280464136,
0.42709195613861084,0.1560177206993103,1.196851741164693,1696616925290490134,
-0.04326575994491577,0.42835837602615356,1.1113154196239792,1696616925301356027,
-0.37856751680374146,0.12856322526931763,1.3287507777554746,1696616925310458328,
-0.0933886170387268,0.599211573600769,1.1971261858444986,1696616925320522789,
-0.7499872446060181,0.525280773639679,1.005666542886316,1696616925332453141,
-0.22969257831573486,-0.27341175079345703,1.4969891718277246,1696616925340488552,
0.21168231964111328,0.8063929080963135,1.200372136256158,1696616925350509350,
0.24050277471542358,0.5679696202278137,1.1930072992074439,1696616925360524816,
0.40565580129623413,0.33829331398010254,1.187862201985541,1696616925370527879,
-0.022159159183502197,0.5070388913154602,1.0580624005329156,1696616925381777770,
-0.45636099576950073,-0.09468460083007812,1.3819945152117588,1696616925390473527,
-0.37184131145477295,0.6264369487762451,1.1991267628276785,1696616925400548440,
-0.2083064317703247,0.20217633247375488,1.0589945221518366,1696616925411916391,
0.09340149164199829,0.06347954273223877,1.4135971100453666,1696616925420517556,
0.39181339740753174,0.6731877326965332,1.2117937657491678,1696616925430546782,
0.07566732168197632,0.09202152490615845,1.2064558842450295,1696616925440551242,
0.07553911209106445,0.5917477011680603,1.1978320436960872,1696616925450585853,
-0.18527638912200928,0.6166435480117798,1.0912965827465162,1696616925461506156,
-0.6272004246711731,0.216363787651062,1.3193179250500908,1696616925470553804,
-0.13204139471054077,0.6630078554153442,1.2011743237915748,1696616925480580216,
-0.026398122310638428,-0.42490577697753906,1.067845018706477,1696616925491922706,
0.3788633942604065,0.17646527290344238,1.401774405901898,1696616925500637068,
0.12318336963653564,0.7470901012420654,1.2152972118043286,1696616925510600276,
-0.2533717155456543,0.31277722120285034,1.1906367451608202,1696616925520674355,
-0.2737751603126526,0.8053524494171143,1.1927673890557546,1696616925530643758,
-0.7413138747215271,0.1312381625175476,1.115891889341991,1696616925541412641,
-0.07869237661361694,0.4078693389892578,1.3192383941777106,1696616925550669413,
0.4028511047363281,0.5292884707450867,1.1952545239046024,1696616925560877590,
1.0558727979660034,-0.058737218379974365,0.9223261669121023,1696616925574039327,
0.4816146492958069,0.026002168655395508,1.8285097219742559,1696616925580674757,
-0.3986324667930603,0.1503521203994751,1.1994336528524352,1696616925590731861,
-0.5170031189918518,0.7306861877441406,1.1953462166465008,1696616925600715581,
-0.5942588448524475,0.8746336698532104,1.1840033934756111,1696616925610718988,
-0.10558527708053589,0.1623803973197937,1.1061276008564962,1696616925621374200,
0.2558739185333252,0.06641000509262085,1.253737815402598,1696616925630743853,
1.005301833152771,0.15803736448287964,1.1581176343494162,1696616925640732575,
0.049184203147888184,0.15879547595977783,0.9117425685689665,1696616925653349804,
-0.5107049345970154,0.4412769675254822,1.5393673804132344,1696616925660808151,
-0.6646361351013184,0.053675055503845215,1.1416229612284,1696616925670869937,
-0.4741407036781311,0.40893828868865967,1.1548819936920813,1696616925680856098,
0.1393335461616516,0.6557871699333191,1.1776055891106334,1696616925690837978,
0.8126826882362366,0.6000852584838867,1.0982821876166176,1696616925701803596,
0.11650651693344116,-0.0669592022895813,1.3044811033588142,1696616925711053221,
-0.3716166019439697,0.37632960081100464,1.2154682944873285,1696616925721004147,
-0.5458784699440002,0.7226671576499939,0.9454685361622726,1696616925733644716,
-0.39448899030685425,0.2734377384185791,1.6534326041849734,1696616925740858601,
0.02317988872528076,0.26929157972335815,1.1747036025067084,1696616925750980517,
0.021373867988586426,-0.001258552074432373,1.211883048017706,1696616925760804493,
0.2945557236671448,0.42430680990219116,1.1712859474348283,1696616925771019595,
-0.1017560362815857,0.6904313564300537,1.1117859988643666,1696616925781767445,
-0.2187238335609436,0.013105511665344238,1.3137356019181703,1696616925790828922,
-0.023218095302581787,0.3173404932022095,1.1847449022625964,1696616925800886485,
-0.11756676435470581,0.35152339935302734,0.9400434388956396,1696616925813561896,
0.23530608415603638,0.330219030380249,1.6271116618626777,1696616925820889034,
-0.24325156211853027,0.5071617364883423,1.159910667733738,1696616925831103441,
-0.01089388132095337,-0.024585723876953125,1.1829615302659735,1696616925840979243,
0.39270204305648804,0.8245257139205933,1.1461933902719441,1696616925851168637,
-0.04066026210784912,0.6237684488296509,1.1432730060617875,1696616925861411587,
0.2617254853248596,-0.021419405937194824,1.3839270491271498,1696616925869911338,
0.033059537410736084,0.18451917171478271,1.07095771732552,1696616925880944046,
-0.1063726544380188,0.017191290855407715,0.8879081455384463,1696616925894321781,
-0.24440979957580566,0.4749873876571655,1.7457410918151781,1696616925901172325,
-0.283966064453125,0.48549383878707886,1.2011988222735757,1696616925911077324,
-0.12877696752548218,-0.021836578845977783,1.1894732594839585,1696616925921018974,
0.2725147008895874,0.7053343653678894,1.1995855154723207,1696616925930951754,
-0.06064724922180176,0.3648875951766968,1.149342351682617,1696616925941393731,
-0.08215975761413574,0.24654805660247803,1.256660831975725,1696616925950989737,
0.10197949409484863,0.48741114139556885,1.2058552489657235,1696616925961017432,
0.05534541606903076,-0.13281112909317017,0.9825583401182607,1696616925973391304,
0.32261282205581665,0.7800821661949158,1.58860104921305,1696616925981032079,
-0.27847498655319214,0.14811217784881592,1.202776418398081,1696616925991058080,
-0.13664788007736206,0.14152812957763672,1.1837547076045167,1696616926001161105,
-0.3685300946235657,0.7654096484184265,1.2039322516645519,1696616926011062776,
-0.1767396330833435,0.30190473794937134,1.1073162050335943,1696616926021796038,
0.3473493456840515,0.5860671401023865,1.2783217634703377,1696616926031096977,
0.2496773600578308,-0.039628028869628906,1.1819502699487145,1696616926041146134,
0.04443174600601196,-0.048786044120788574,0.9811424623207019,1696616926053342655,
-0.29602235555648804,0.8179243206977844,1.5256812635072925,1696616926061162203,
-0.3241753578186035,0.31818193197250366,1.2987239662554695,1696616926070293913,
-0.35896384716033936,0.20444780588150024,1.0843050494970252,1696616926081225733,
0.0773622989654541,0.22624576091766357,1.3224898450774183,1696616926090192058,
0.25730109214782715,0.11892998218536377,1.0492464365322811,1696616926101452597,
0.2878999710083008,0.7555676102638245,1.1980614643216458,1696616926111213519,
0.06217890977859497,0.213678777217865,1.141438011564034,1696616926121299458,
-0.4882710576057434,0.2762104868888855,0.9491273769303262,1696616926133440838,
-0.2694646716117859,0.41474753618240356,1.4712626721393494,1696616926141303399,
-0.2327960729598999,-0.0093003511428833,1.150816275361362,1696616926151485109,
0.04165387153625488,0.39113450050354004,1.1928987998252447,1696616926161421305,
0.5440801978111267,0.04544329643249512,1.2039255390969603,1696616926171332878,
-0.17476624250411987,0.11456716060638428,1.1792240544090324,1696616926181466088,
-0.4132515788078308,0.7151584625244141,1.2000435091812978,1696616926191357048,
-0.35619837045669556,0.48368173837661743,1.174527723021346,1696616926201411301,
-0.028832733631134033,0.5745781064033508,0.9413122814004127,1696616926214103484,
0.47011393308639526,0.22209244966506958,1.6563278788329865,1696616926221441669,
0.48115408420562744,-0.07940608263015747,1.2041707857700845,1696616926231678072,
0.22314894199371338,0.4305761456489563,1.245245872257682,1696616926241530250,
-0.31197839975357056,0.2630144953727722,1.2095504513680564,1696616926251535890,
-0.3798924684524536,0.3824666738510132,1.1951394557273238,1696616926261556142,
-0.2992335557937622,0.4349668025970459,1.1992705003197022,1696616926271497381,
0.29592734575271606,0.2523820400238037,1.1944072377243893,1696616926281553759,
0.48546648025512695,0.5883492231369019,1.026448106076592,1696616926293432914,
0.18922650814056396,0.07374840974807739,1.5037914580958558,1696616926301590907,
-0.18489784002304077,0.1654769778251648,1.2239158036437165,1696616926311574324,
-0.6963351964950562,0.3619644045829773,1.1995399624261884,1696616926321699474,
-0.35566067695617676,0.26582396030426025,1.2194469718899088,1696616926331628271,
-0.21514558792114258,0.6209098100662231,1.148137245264012,1696616926342181800,
0.16637396812438965,-0.007543504238128662,1.2860378587222447,1696616926351638754,
0.5598134994506836,0.19531774520874023,1.2233751235455443,1696616926361675779,
0.11149919033050537,0.8512014150619507,1.051914922271114,1696616926373428665,
-0.12004268169403076,0.20931249856948853,1.4918443240516766,1696616926381702443,
-0.3882417678833008,0.4285564422607422,1.224782079334906,1696616926391744514,
-0.37527012825012207,0.18891167640686035,1.2256784640603504,1696616926401821963,
0.1842169165611267,0.334885835647583,1.2472665752349572,1696616926411747126,
-0.06631749868392944,0.49475908279418945,1.2217920618436542,1696616926421792144,
0.17689824104309082,-0.1769847869873047,1.226446729036422,1696616926431737814,
0.2019115686416626,0.41597694158554077,1.2109353413549417,1696616926441789893,
-0.09435397386550903,0.3081014156341553,1.014735445411178,1696616926453733546,
-0.0575292706489563,0.2541271448135376,1.498991791974335,1696616926461806887,
-0.2998393774032593,0.7245654463768005,1.2149512256074646,1696616926471807250,
-0.07051736116409302,0.0983533263206482,1.35585888333833,1696616926480897767,
0.08626812696456909,0.42894625663757324,1.1479131295898044,1696616926491838683,
0.10866367816925049,0.33550208806991577,1.3867072556639335,1696616926500900372,
0.16297131776809692,-0.04778432846069336,1.1170068796071013,1696616926512047801,
0.08399325609207153,0.6109124422073364,1.3840270252215707,1696616926520898424,
-0.08375120162963867,0.376852810382843,0.9332293004382822,1696616926533810355,
-0.09923183917999268,0.6819552779197693,1.687948842766859,1696616926540917648,
0.01792287826538086,0.4013901948928833,1.098470380130771,1696616926551940150,
-0.2295999526977539,-0.024721860885620117,0.9914138626710705,1696616926564414537,
0.2920989394187927,0.40829670429229736,1.922964703640029,1696616926570912598,
0.29255276918411255,0.11547178030014038,1.1200021512602656,1696616926581989616,
0.0770730972290039,0.12214809656143188,1.228387908366326,1696616926591967850,
0.0004559159278869629,0.28708386421203613,1.2072566436491774,1696616926602018604,
-0.4023475646972656,0.27602237462997437,1.0628294774882836,1696616926613423881,
-0.2345811128616333,0.3644043207168579,1.4048835550129959,1696616926622057223,
-0.24283504486083984,0.15461629629135132,1.2117184117462692,1696616926632031610,
-0.25533634424209595,0.31603145599365234,0.9645459857467564,1696616926644506407,
0.2357751727104187,0.34918057918548584,1.5348805558950747,1696616926652291309,
-0.3451332449913025,0.2788761854171753,1.1991932753926604,1696616926662179605,
-0.4889943599700928,0.4189012050628662,1.1544476357605074,1696616926672413319,
-0.41763365268707275,0.2675709128379822,1.1841052314133431,1696616926682396183,
0.41295909881591797,0.3478671908378601,1.0651923776816834,1696616926693461323,
0.790237545967102,0.18589508533477783,1.3234294299704856,1696616926702321953,
0.4883660674095154,0.3524068593978882,1.1607014566089906,1696616926712506164,
-0.3447716236114502,0.14240413904190063,0.9831637600717232,1696616926724686108,
-0.6168408393859863,0.17543083429336548,1.617674355355501,1696616926732163619,
-0.3456716537475586,0.5092667937278748,1.3354851778949253,1696616926741277343,
-0.05535876750946045,0.03898489475250244,1.2265050224050842,1696616926751235720,
0.5447717308998108,0.2637767791748047,1.1056702299856587,1696616926762267861,
0.418735146522522,0.43974608182907104,1.0538989037102167,1696616926773762996,
0.10793846845626831,0.5413132309913635,1.3943110830831427,1696616926782340549,
-0.1352154016494751,0.6651709675788879,1.1638277287502556,1696616926792465968,
-0.3668045401573181,0.03557795286178589,0.9414511809282827,1696616926804846263,
-0.31439101696014404,0.2948700189590454,1.567431607528968,1696616926812322825,
0.02276909351348877,0.29123902320861816,1.182183715677865,1696616926822432626,
0.4151608943939209,-0.02742910385131836,1.226139895797142,1696616926832437507,
-0.07353967428207397,0.3354015350341797,1.2515260117860563,1696616926842395606,
-0.20919299125671387,-0.23244881629943848,1.0824770859631472,1696616926853861955,
-0.15095853805541992,0.6173320412635803,1.43427506022514,1696616926862430684,
-0.5207909941673279,1.031583547592163,1.2111202957059342,1696616926872440779,
0.20877331495285034,0.08983504772186279,0.943541628427495,1696616926885164225,
-0.022566616535186768,0.24934923648834229,1.6488738734462987,1696616926892480908,
-0.152215838432312,0.04254084825515747,1.2147950436116945,1696616926902544305,
0.13370788097381592,0.621677577495575,1.2343867264550172,1696616926912555569,
-0.32208192348480225,0.48817670345306396,1.2261618965232968,1696616926922569584,
0.05192685127258301,-0.17436659336090088,1.173063637756389,1696616926932905393,
-0.03584247827529907,0.5931607484817505,1.25873301296436,1696616926942557507,
-0.04318612813949585,0.5648137927055359,1.22053337126686,1696616926952564977,
0.05591118335723877,0.2751721143722534,0.9546271161236162,1696616926965397300,
-0.060926973819732666,0.2613608241081238,1.7075394135359845,1696616926972578180,
0.19829756021499634,-0.33804863691329956,1.2235123021469991,1696616926982618321,
0.017153441905975342,0.6263790130615234,1.2208446613292945,1696616926992687836,
-0.3429597020149231,0.40479230880737305,1.2269036458804996,1696616927002643792,
-0.2645355463027954,0.08215290307998657,1.0914727376144442,1696616927013762016,
-0.3672952651977539,0.6755918860435486,1.356051699177944,1696616927022708759,
0.0013510584831237793,0.27869004011154175,1.2199234832943695,1696616927032714743,
0.7558799386024475,0.7427323460578918,1.004383496006046,1696616927044929128,
0.3276292681694031,0.04195296764373779,1.7487901894530073,1696616927051933293,
-0.14678096771240234,-0.12527573108673096,1.1316432590601284,1696616927062756501,
-0.3132982850074768,0.4800177812576294,1.228189856417326,1696616927072723441,
-0.5437171459197998,0.29833412170410156,1.212018667582578,1696616927082782827,
-0.3615124225616455,0.42100560665130615,1.1105239539442262,1696616927093740735,
-0.1886480450630188,0.07550781965255737,1.3461679387273708,1696616927102765227,
0.1278647780418396,0.16337138414382935,1.2026471435557613,1696616927112841671,
0.44410091638565063,0.6393107175827026,0.9313742033849056,1696616927125757473,
-0.22629886865615845,0.3358548879623413,1.6956875908501499,1696616927132812261,
-0.2924227714538574,0.42965030670166016,1.1915545150968159,1696616927142836106,
-0.21242916584014893,0.2669360637664795,1.2033883435327557,1696616927152863197,
-0.3672962188720703,0.048925697803497314,1.2196983540622288,1696616927162875804,
0.38957440853118896,0.5765445828437805,1.1147906138459185,1696616927173890650,
0.2994844317436218,0.17436015605926514,1.5264503023263885,1696616927181899302,
-0.001898348331451416,0.2285144329071045,1.212933473557951,1696616927191893412,
-0.5768703818321228,0.42441242933273315,0.8720744792310187,1696616927205708490,
-0.48863476514816284,0.6451750993728638,1.934455404706336,1696616927211904117,
-0.03635662794113159,0.7618857026100159,1.0820457499420018,1696616927222965632,
0.1941460371017456,-0.25547659397125244,1.2022198199428542,1696616927233000709,
0.20812207460403442,-0.26086360216140747,1.225252560808837,1696616927242959844,
0.060414791107177734,0.2790423035621643,1.1621137108989779,1696616927253484847,
-0.24195533990859985,0.20985108613967896,1.2645196573371327,1696616927263046975,
-0.44177544116973877,0.3666035532951355,1.20053821288299,1696616927272991331,
0.11888235807418823,0.23332369327545166,0.9599437089267943,1696616927285458747,
0.47164487838745117,0.4713779091835022,1.6073032732945778,1696616927293013000,
0.4784699082374573,0.7695735692977905,1.2135771551573182,1696616927303087569,
0.2555813789367676,0.19607484340667725,1.2235422685074906,1696616927313083177,
-0.20870369672775269,0.3542422652244568,1.2219094893154856,1696616927323082250,
-0.43522167205810547,0.12009042501449585,1.1300969986861167,1696616927333871853,
-0.2641173005104065,0.3241804838180542,1.3120701844155311,1696616927343156817,
-0.6637910604476929,0.6083207130432129,1.2181914383071824,1696616927353134585,
-0.1056404709815979,-0.05207836627960205,0.9465434974603754,1696616927365938515,
0.19992989301681519,0.5795729756355286,1.6181360647137466,1696616927373451057,
0.3655211329460144,0.456088662147522,1.248065956579082,1696616927383237505,
0.3855576515197754,0.35434234142303467,1.2312622338782815,1696616927393222922,
-0.3044584393501282,0.39292216300964355,1.2083564884675309,1696616927403406202,
-0.2181219458580017,0.03625833988189697,1.2279490446079506,1696616927413404728,
-0.4211122989654541,0.5395461916923523,1.237733447157294,1696616927423278169,
-0.255251944065094,0.37456852197647095,1.2142936739892167,1696616927433258303,
0.0019892454147338867,0.24649250507354736,0.9957898882535975,1696616927445392019,
0.23184484243392944,0.5126394033432007,1.5193106588211307,1696616927453288483,
0.23765170574188232,-0.04430806636810303,1.193361604838061,1696616927463310694,
-0.14335405826568604,0.4109722375869751,1.1914310170443605,1696616927473375440,
-0.551326334476471,0.3878293037414551,1.2057117818020762,1696616927483363626,
-0.289980947971344,0.01979982852935791,1.2784574100755923,1696616927492895860,
-0.11680746078491211,0.4242265224456787,1.1750319506343385,1696616927503397660,
-0.21903592348098755,-0.29024529457092285,1.238789083470549,1696616927513434034,
0.0932968258857727,0.39424997568130493,1.028157634564327,1696616927525465789,
0.06173592805862427,0.6056331992149353,1.4870289156964462,1696616927533646105,
0.05823063850402832,0.3601943850517273,1.2214076277167023,1696616927543536843,
-0.18098938465118408,0.5903123617172241,1.2201560769324833,1696616927553494493,
-0.38574761152267456,0.08056116104125977,1.2332482216603198,1696616927563502581,
-0.11716252565383911,0.538046658039093,1.2174353253549894,1696616927573784077,
0.050131916999816895,0.5645003318786621,1.2806292226962015,1696616927583571907,
0.24783241748809814,0.12524718046188354,1.2549210193237992,1696616927593558965,
0.19878697395324707,0.4140744209289551,1.0456557463748355,1696616927605490340,
-0.6106117367744446,0.11623632907867432,1.5303792685947843,1696616927613587184,
-0.40567928552627563,0.5155287384986877,1.2288158342463842,1696616927623606501,
0.31091099977493286,-0.13626688718795776,1.3173330279307385,1696616927632909141,
0.866561770439148,0.391998291015625,1.2316256062059578,1696616927642912961,
0.24104171991348267,0.0755167007446289,1.1364711778175642,1696616927653809759,
-0.2474854588508606,0.4741974472999573,1.2406149471606074,1696616927663779941,
-0.7652361989021301,0.4319533109664917,1.239697769688979,1696616927673692825,
-0.6232426762580872,0.1936197280883789,0.9529786985887135,1696616927686514693,
-0.08413916826248169,0.6176580786705017,1.6908807195011322,1696616927693710460,
0.15130066871643066,0.3134284019470215,1.167352643965161,1696616927704040463,
0.6019062399864197,0.2584869861602783,1.2308258402312224,1696616927713757357,
-0.08793431520462036,0.2237512469291687,1.1917338732212432,1696616927723734082,
-0.7513170838356018,-0.15495091676712036,1.18116085789346,1696616927733759948,
-0.544735312461853,0.6058416366577148,1.1926018745837363,1696616927743751236,
-0.3360435962677002,0.5225173830986023,1.3050208935684862,1696616927752927075,
0.08821064233779907,0.11521792411804199,0.9577338123285397,1696616927765563377,
0.6675631403923035,0.3109890818595886,1.5016744116005258,1696616927773773989,
0.37044757604599,0.2129766345024109,1.2357029187317994,1696616927783785677,
-0.20387697219848633,0.6959800720214844,1.2142611895409892,1696616927793885165,
-0.2855558395385742,0.36405467987060547,1.182697531351306,1696616927804087279,
-0.8933814167976379,0.17726224660873413,1.1863816603658262,1696616927814187977,
-0.1834515929222107,0.6064832806587219,1.2452036868197867,1696616927823831778,
0.21445059776306152,-0.023881375789642334,1.2052038343460312,1696616927833869793,
0.13680225610733032,0.27305781841278076,1.0522648541132706,1696616927845629702,
0.17005598545074463,0.40210866928100586,1.5210902385579497,1696616927853874061,
-0.06931185722351074,0.08977824449539185,1.2313636070294611,1696616927863996901,
-0.005530595779418945,0.792245626449585,1.2346024499589725,1696616927873964283,
-0.02341240644454956,0.2625148892402649,1.2011929809165816,1696616927884120070,
0.028933584690093994,0.5528967976570129,1.2449160695933263,1696616927893977629,
-0.1607643961906433,0.39264512062072754,1.2429867703273778,1696616927903954166,
-0.19950872659683228,0.09299337863922119,1.243158794422224,1696616927914006951,
0.24992311000823975,0.3980562090873718,1.0692056018280016,1696616927925699433,
-0.011034011840820312,-0.008560717105865479,1.4887309822760375,1696616927934008832,
-0.06464427709579468,0.4774337410926819,1.2230305100194783,1696616927944008771,
-0.23824971914291382,0.523758590221405,1.199960891955809,1696616927954130377,
-0.1249920129776001,-0.06059461832046509,1.2252730137542163,1696616927964046969,
-0.579253613948822,0.4811895489692688,1.2000684098366932,1696616927974186999,
-0.09310680627822876,0.10332286357879639,1.2315799020945564,1696616927984054742,
0.6576881408691406,0.5118082165718079,1.2105647373403081,1696616927994109506,
-0.02726292610168457,0.45638662576675415,1.0135507063259994,1696616928006039778,
-0.15757983922958374,-0.21236085891723633,1.4788501834678933,1696616928014162369,
-0.6547456383705139,0.8277656435966492,1.2024241397081885,1696616928024135299,
-0.5809356570243835,0.5078348517417908,1.011876972634264,1696616928035928575,
0.15509140491485596,0.36745959520339966,1.4443753096351142,1696616928044167030,
0.10438597202301025,0.16239458322525024,1.1823407183961796,1696616928054231881,
0.12322759628295898,-0.16602188348770142,1.1964425537226704,1696616928064235945,
-0.10858750343322754,0.6740061640739441,1.1991159101140123,1696616928074271818,
-0.4512244462966919,0.17376422882080078,1.1999260039178687,1696616928094266729,
-0.3916458487510681,0.47498995065689087,1.1716577146177356,1696616928104536475,
1.191749095916748,0.7726232409477234,1.2793282124058327,1696616928123536443,
0.5863248109817505,0.31870806217193604,1.1152078175988438,1696616928134379807,
-0.11120367050170898,0.039793193340301514,1.168186909622973,1696616928144667045,
-0.45564335584640503,0.5670492649078369,1.2345634827262544,1696616928154391198,
-0.6883658170700073,0.288483202457428,1.0725902450594833,1696616928165594540,
-0.336475133895874,0.3631865978240967,1.3650598519930526,1696616928174428332,
-0.2784225344657898,-0.036747515201568604,1.19026883917934,1696616928184625938,
0.1317119002342224,0.7100731730461121,1.2330925321182253,1696616928204501899,
-0.3950117230415344,0.574834406375885,1.1974587073494476,1696616928214762851,
-0.17152976989746094,0.6683350801467896,1.2746708328132852,1696616928224469248,
-0.3779107928276062,0.42260825634002686,1.2467621241716123,1696616928234533705,
0.00800931453704834,0.041179358959198,1.255650459855147,1696616928254788037,
0.1380663514137268,0.2558743953704834,1.286053451837621,1696616928264575359,
0.1099933385848999,0.23224592208862305,0.969871033003711,1696616928277326895,
-0.407301664352417,0.13325762748718262,1.676248158624929,1696616928284617150,
-0.3643842339515686,0.35474538803100586,1.2136389394478044,1696616928294638240,
0.07967483997344971,1.0244438648223877,1.2091083798473479,1696616928304677998,
0.23911750316619873,0.2758503556251526,1.2134157967353827,1696616928314674403,
-0.00857633352279663,0.17109721899032593,1.054435700528068,1696616928326162279,
-0.0204278826713562,0.23295170068740845,1.4161740276900872,1696616928334648549,
0.02793198823928833,-0.09500056505203247,1.1867733296535932,1696616928344675657,
-0.2191181182861328,0.6128577589988708,0.9047775858460747,1696616928357675831,
-0.2174896001815796,0.12421804666519165,1.6644332536563444,1696616928364704672,
-0.001880943775177002,0.4520508646965027,1.134246528481042,1696616928375111205,
-0.26067453622817993,0.708458662033081,1.2510040676651888,1696616928384713583,
-0.10428917407989502,0.0510411262512207,1.2211803388023375,1696616928394759571,
0.17107301950454712,0.5869972705841064,1.161094169997346,1696616928405474635,
-0.11093658208847046,0.023595571517944336,1.3246635658932973,1696616928414876267,
-0.19538664817810059,0.4280744194984436,1.2509199180127093,1696616928424814459,
-0.3816491961479187,0.7021020650863647,0.922034079196794,1696616928438189475,
-0.22577714920043945,0.13855069875717163,1.8378588319242601,1696616928444882129,
-0.20614171028137207,0.5864769220352173,1.2355956639803822,1696616928454856120,
0.24207419157028198,0.17277204990386963,1.245858428064726,1696616928464790239,
0.29142725467681885,0.1947501301765442,1.2459153673122634,1696616928474836808,
-0.21311092376708984,0.6040559411048889,1.1041489803285658,1696616928486188095,
-0.0925605297088623,0.25425583124160767,1.6180897900177056,1696616928493911528,
-0.261355996131897,0.6980097889900208,1.2420333083388257,1696616928503918086,
-0.07864242792129517,0.2978352904319763,1.1555034737028467,1696616928525061940,
-0.1357596516609192,0.6960721611976624,1.1930694984551071,1696616928535162840,
0.3896107077598572,0.051495134830474854,1.2187267504520425,1696616928544996527,
-0.09115660190582275,0.2555931806564331,1.1827505843813768,1696616928555189869,
-0.32978367805480957,0.11055904626846313,1.1663732813871566,1696616928565672928,
-0.4712655544281006,0.382387638092041,1.3183961722855684,1696616928575076588,
-0.7133179903030396,0.6350107789039612,1.2330666565861752,1696616928585213919,
0.12807857990264893,0.4282628297805786,1.2373950101859439,1696616928605499778,
-0.47668325901031494,0.7139090299606323,1.2638404766217686,1696616928615240672,
-0.46572810411453247,0.9719893932342529,1.220703497788457,1696616928625168958,
-0.1470896601676941,0.3609238862991333,1.1188220042605348,1696616928635841068,
0.46244269609451294,0.30138856172561646,1.2017921690626137,1696616928645736906,
0.5867288112640381,0.11999690532684326,1.1971940089498092,1696616928655685985,
-0.0011986494064331055,0.12839490175247192,1.1934080217292546,1696616928665665179,
-0.6544585824012756,-0.13875740766525269,1.1829124003941685,1696616928685808328,
-0.33309030532836914,0.5072798728942871,1.203688158023846,1696616928695719779,
-0.16456538438796997,0.784568727016449,1.1960166407663853,1696616928705637964,
0.530397355556488,0.31392717361450195,1.1779823363248034,1696616928715728895,
0.30993056297302246,0.4828447103500366,1.1761759515579857,1696616928726012015,
-0.23825901746749878,0.15886378288269043,1.2522837601773598,1696616928735834005,
-0.30468833446502686,0.3767404556274414,1.2405474997647046,1696616928745761766,
-0.6008453369140625,0.5999826192855835,0.9517741924332952,1696616928758653484,
-0.3574215769767761,0.42383813858032227,1.6469424268454163,1696616928766064922,
0.21955972909927368,0.5538751482963562,1.2523947105865694,1696616928775747381,
0.14059531688690186,0.07784324884414673,1.1254025093417697,1696616928786450497,
0.28021907806396484,0.3519744277000427,1.299185593438647,1696616928795754160,
0.09258532524108887,0.5783161520957947,1.2012946880594075,1696616928805825160,
-0.2322007417678833,-0.21578794717788696,1.2156433803274262,1696616928815689755,
-0.24731701612472534,0.4207337498664856,1.1599661962687655,1696616928825956715,
-0.4034082889556885,0.25411468744277954,1.015902180187466,1696616928837723730,
-0.03925234079360962,0.258805513381958,1.4636588050948929,1696616928845997171,
-0.17303591966629028,0.5794962644577026,1.2469895003693188,1696616928855779971,
0.12017077207565308,-0.2565103769302368,1.2215407237802458,1696616928865701787,
0.3173506259918213,0.8828806281089783,1.1991578009901067,1696616928875745072,
-0.09130936861038208,0.6811262369155884,1.1627887887254578,1696616928885970696,
-0.03186839818954468,0.4371796250343323,1.1598176450966229,1696616928896059603,
0.09238535165786743,0.584287166595459,1.176015673852577,1696616928906020042,
-0.008152008056640625,-0.15152597427368164,0.9879897630221995,1696616928918035028,
-0.22601699829101562,0.40384817123413086,1.54436921053792,1696616928925851797,
-0.22537636756896973,0.41502249240875244,1.3344676502087414,1696616928934927208,
-0.18856370449066162,-0.006330132484436035,1.0873586650297362,1696616928945974890,
-0.013265550136566162,0.6720171570777893,1.2209750906921395,1696616928955824953,
-0.08930748701095581,0.22932320833206177,1.2095431123803504,1696616928965759771,
-0.2758563756942749,0.4367426037788391,1.2001044837655621,1696616928975844532,
-0.19458377361297607,0.5531299114227295,1.1925196901708524,1696616928985966398,
-0.04648667573928833,0.03160220384597778,1.0305906882142737,1696616928997725031,
0.042462289333343506,0.6898916363716125,1.4869552178863361,1696616929005951921,
0.19738495349884033,0.07126963138580322,1.225958434251835,1696616929015945898,
-0.3098928928375244,0.38354039192199707,1.3522866678808267,1696616929024907388,
-0.27544528245925903,0.9942934513092041,1.1045112402748214,1696616929035874144,
-0.0048026442527771,0.2969757914543152,1.215111523013214,1696616929045973500,
0.21362531185150146,0.30939245223999023,1.3702287491269134,1696616929054931581,
0.5993384122848511,-0.04604548215866089,1.0851823045058366,1696616929066175629,
0.05246293544769287,0.042114078998565674,1.0162807576034463,1696616929078117049,
-0.23994749784469604,0.6197014451026917,1.7616516560026878,1696616929084936789,
-0.7398325800895691,0.29623478651046753,1.078616412419453,1696616929095973556,
-0.57096928358078,0.46650856733322144,1.329826360787998,1696616929104930249,
0.2533709406852722,0.20337176322937012,1.0823529955996307,1696616929115961399,
0.5227606296539307,0.3394618034362793,1.191804875756062,1696616929125981484,
0.433296799659729,0.619123101234436,1.18366290419344,1696616929135998769,
-0.18516576290130615,0.3112238049507141,1.1705010683673442,1696616929146101136,
-0.6788371801376343,0.416297972202301,1.005903022364612,1696616929157778325,
-0.7376176714897156,0.25566965341567993,1.4499277935824106,1696616929165947998,
-0.40263354778289795,0.13219016790390015,1.170504138413394,1696616929176127492,
-0.02411407232284546,0.4352249503135681,1.2077216152969918,1696616929186056099,
0.8940311074256897,0.16358810663223267,1.2273441774984544,1696616929195986715,
0.3533909320831299,0.5153058767318726,1.212579757594771,1696616929206050338,
-0.31744396686553955,0.6310012936592102,1.2284592319401493,1696616929215969035,
-0.26364219188690186,0.5071557760238647,1.2142640349674272,1696616929225996991,
-0.5222368240356445,0.8789408206939697,1.0421546421987995,1696616929237681884,
-0.3569905161857605,0.12662959098815918,1.4685942049265415,1696616929246008500,
0.12478822469711304,0.02336597442626953,1.2033488354510333,1696616929256273060,
0.14371329545974731,0.5783833265304565,1.264819681129387,1696616929266069561,
0.1803659200668335,0.1978973150253296,1.2356529366543,1696616929276072210,
-0.17684853076934814,0.46992605924606323,1.2121033275154292,1696616929286149141,
-0.47291916608810425,0.041531383991241455,1.217401071637006,1696616929296126286,
0.3086256980895996,0.541983425617218,1.2304607976260293,1696616929306083978,
0.300972580909729,0.6803094744682312,1.0222782823670697,1696616929318136553,
0.0925559401512146,0.022143006324768066,1.5561448857703801,1696616929326080670,
0.263369083404541,0.3680504560470581,1.226046898147423,1696616929336176331,
0.16529327630996704,0.10592246055603027,1.2169353316185378,1696616929346245637,
0.14798766374588013,0.2049153447151184,1.2212059349000552,1696616929356184306,
-0.4101148843765259,0.6712089776992798,1.1939627850504608,1696616929366250117,
-0.423257052898407,0.014019668102264404,1.2021415080927642,1696616929376207443,
-0.19555532932281494,0.6735786199569702,1.1638225948359362,1696616929386478448,
-0.20679932832717896,0.5005053281784058,1.045622802031469,1696616929397839746,
0.1583898663520813,0.1609840989112854,1.4145417158636995,1696616929406225538,
0.05304378271102905,0.696921169757843,1.1812914450793968,1696616929416344720,
0.02986210584640503,-0.01821798086166382,1.2046016025315276,1696616929426369887,
-0.2014836072921753,0.5613004565238953,1.211733810691642,1696616929436382904,
-0.5128819346427917,0.3587857484817505,1.2153164426106928,1696616929446354554,
-0.313102662563324,0.06443852186203003,1.3418943152291856,1696616929455424872,
-0.0835532546043396,0.6306871175765991,1.1168243894353203,1696616929466374352,
0.234916090965271,0.12047761678695679,1.046297579180547,1696616929478139732,
0.12247776985168457,0.3698207139968872,1.713289456117409,1696616929485392915,
-0.041106343269348145,0.6634706854820251,1.1312911071817766,1696616929496418757,
-0.4629529118537903,0.4002704620361328,1.2411633039478294,1696616929506473329,
-0.4404638409614563,0.8187856078147888,1.2454112455272845,1696616929516464370,
-0.3579644560813904,-0.07038348913192749,1.2461921589571143,1696616929526449071,
0.15539848804473877,0.3668558597564697,1.2243240881883888,1696616929536595546,
0.9277435541152954,0.7054057121276855,1.2281455450300482,1696616929546541088,
0.597849428653717,-0.04584622383117676,1.0198527157855763,1696616929558263415,
-0.1797175407409668,0.32743942737579346,1.4328861205019463,1696616929566565387,
-0.5266802906990051,0.5806167125701904,1.2853468268144694,1696616929575935113,
-0.21353358030319214,0.5369946360588074,1.1347554918928628,1696616929586668723,
0.4966025948524475,-0.18203860521316528,1.2244267299019316,1696616929596658905,
0.6174688935279846,0.21310800313949585,1.2313236718979776,1696616929606622114,
-0.2921888828277588,0.3666074275970459,1.2229451264514222,1696616929616630790,
-0.5282423496246338,0.9110754728317261,1.3056216371577654,1696616929625909538,
-0.5538462996482849,1.0623747110366821,0.9800944803367317,1696616929638127986,
0.16585230827331543,0.19546276330947876,1.3884498643941818,1696616929646632391,
0.34551990032196045,0.14010590314865112,1.1602025605220125,1696616929656718939,
0.6720729470252991,0.11798769235610962,1.1691826700909314,1696616929666687908,
-0.03202807903289795,0.23387539386749268,1.168187587650548,1696616929676676086,
-0.43425655364990234,0.30802416801452637,1.1561142597190064,1696616929686694314,
-0.25435924530029297,-0.07102513313293457,1.145921485703918,1696616929696745627,
-0.7923883199691772,0.469247043132782,1.1505344412807244,1696616929706728992,
0.037181198596954346,0.6501885056495667,1.0327575299282155,1696616929717770855,
0.5288857817649841,0.17265641689300537,1.2661742599627208,1696616929726747277,
0.14072167873382568,0.3454989194869995,1.142991185631631,1696616929736767484,
-0.18959581851959229,0.10099560022354126,1.151590999559082,1696616929746821100,
-0.4025152325630188,0.6495020389556885,1.1724584454673816,1696616929756790941,
-0.40713053941726685,0.800868809223175,1.1697461244895917,1696616929766848411,
-0.06031298637390137,0.09047526121139526,1.1900987900119724,1696616929776842795,
0.5102198123931885,0.2137507200241089,1.201326574888898,1696616929786875781,
0.5717111229896545,0.2621534466743469,1.028830505293451,1696616929798644525,
0.2044694423675537,0.4183200001716614,1.4709926047379516,1696616929806832677,
-0.15930849313735962,0.501624584197998,1.1581174712180728,1696616929817083981,
-0.3370635509490967,-0.03716832399368286,0.9193740470895442,1696616929829865250,
-0.24482977390289307,0.5386391878128052,1.6764329851740931,1696616929836874515,
-0.0020248889923095703,0.534456729888916,1.299954916703685,1696616929845925105,
0.4414641857147217,0.14031964540481567,1.0707514286105144,1696616929857009284,
-0.040833115577697754,0.535627007484436,1.179872129935017,1696616929867163210,
-0.25617289543151855,0.028394699096679688,1.2266612742159135,1696616929876969190,
-0.054565489292144775,0.8514388203620911,1.203128917995096,1696616929886958649,
-0.29903966188430786,0.7665053009986877,1.1893279306902982,1696616929897031531,
0.30163103342056274,0.055781662464141846,0.9539880325572948,1696616929909694016,
0.07802236080169678,0.4182507395744324,1.6836839261624776,1696616929917005046,
-0.2846587300300598,0.10064566135406494,1.2408187306615992,1696616929927041855,
-0.009340524673461914,0.38010209798812866,1.2379059179627625,1696616929937114264,
-0.31110072135925293,0.2739604115486145,1.2446430731565779,1696616929947073006,
-0.36629360914230347,-0.083271324634552,1.1542762818760979,1696616929957767632,
-0.09444546699523926,0.8168147206306458,1.3215998600718162,1696616929967111274,
-0.09477770328521729,0.3727428913116455,1.225208382017329,1696616929977149331,
0.0668993592262268,0.27594244480133057,0.9453625853325701,1696616929990141868,
-0.24243545532226562,0.49129217863082886,1.749272629165801,1696616929997162900,
-0.10375708341598511,0.0381278395652771,1.206896189923003,1696616930007323034,
0.2159130573272705,0.826410174369812,1.236590419475188,1696616930017247634,
-0.1603919267654419,0.1478288173675537,1.2322693267419633,1696616930027198045,
0.010629773139953613,0.26581835746765137,1.1214036002065904,1696616930038171149,
-0.17000263929367065,0.8370445966720581,1.3700311677892778,1696616930047203453,
0.24783211946487427,0.3041262626647949,1.2326361998604807,1696616930057267201,
0.6544128060340881,0.3698848485946655,1.0030943369103724,1696616930069671511,
0.08799910545349121,-0.11493098735809326,1.6292486611950263,1696616930077289142,
-0.13753741979599,0.18248993158340454,1.197340181016356,1696616930087587316,
-0.06786841154098511,0.779269278049469,1.247394573344303,1696616930097361907,
-0.12350642681121826,0.32789742946624756,1.2123891449626931,1696616930107338973,
-0.4048171639442444,0.4159454107284546,1.1069529902343498,1696616930118281009,
-0.0700451135635376,0.1853489875793457,1.334430510419778,1696616930127369672,
-0.04647719860076904,0.36440885066986084,1.2108610823367363,1696616930137387600,
0.2531973719596863,0.779106855392456,0.9542295182242839,1696616930150031940,
0.17175358533859253,0.20839369297027588,1.8782193571365293,1696616930156402331,
-0.2562190294265747,0.4209586977958679,1.1938564821187856,1696616930166423852,
-0.24908864498138428,0.3155508041381836,1.095373529066683,1696616930177461530,
-0.4678499102592468,0.10313665866851807,1.208341276931658,1696616930187573484,
-0.11782974004745483,0.335912823677063,1.1499356245276133,1696616930198199138,
0.28137123584747314,-0.11546158790588379,1.3133399141109854,1696616930207461942,
-0.14379912614822388,0.3766951560974121,1.2080654952979026,1696616930217520086,
-0.14450925588607788,0.6929694414138794,0.9939320210338939,1696616930229707251,
-0.37691181898117065,0.4464028477668762,1.5458606624888558,1696616930237538267,
-0.22008848190307617,0.5367265939712524,1.2134921320859342,1696616930247549837,
0.17438828945159912,0.053800761699676514,1.2217041758419944,1696616930257569091,
0.06971675157546997,0.2912953495979309,1.221208236443027,1696616930267605576,
0.3017071485519409,0.5813875794410706,1.17926141087212,1696616930277860581,
0.1488315463066101,0.2783278822898865,1.221621356181061,1696616930287590049,
0.10863208770751953,0.5736545324325562,1.166523596519726,1696616930297654684,
0.02949589490890503,0.20660483837127686,0.9325657621984308,1696616930310256731,
-0.018538951873779297,0.33209699392318726,1.6127935399790743,1696616930317635539,
0.12886619567871094,0.3853965401649475,1.2001428014747644,1696616930327678678,
0.17651528120040894,-0.18667298555374146,1.2069724015690724,1696616930337711010,
-0.1945967674255371,0.29500216245651245,1.3054801869779893,1696616930346978015,
-0.3936164975166321,0.29229485988616943,1.0890321009219424,1696616930358012765,
-0.007962226867675781,0.4539264440536499,1.1924936615797455,1696616930368072551,
-0.37444430589675903,0.7059834599494934,1.2430695061569776,1696616930377757239,
-0.007371187210083008,0.08617883920669556,1.0223240004251057,1696616930389722336,
0.37721318006515503,0.7423769235610962,1.5543221527681466,1696616930397748445,
0.05760657787322998,0.5662371516227722,1.250499202521736,1696616930407801898,
0.04054492712020874,0.19425320625305176,1.2466558761876523,1696616930417842341,
-0.220220685005188,0.4603677988052368,1.2398950755164098,1696616930427826722,
-0.3745136260986328,0.009043276309967041,1.1756187317491689,1696616930438302657,
-0.1176067590713501,0.5771681070327759,1.2903050270699483,1696616930447825351,
-0.29193538427352905,0.24963563680648804,1.2172431312569467,1696616930457872661,
0.17809510231018066,-0.12349468469619751,1.0064196704834387,1696616930470029991,
0.354988157749176,0.5644304752349854,1.5543689333969872,1696616930477877196,
0.177482008934021,0.11937880516052246,1.1941407814173903,1696616930488061612,
0.03867316246032715,0.6006079316139221,1.211768391450514,1696616930498057680,
-0.6273804903030396,0.5420728325843811,1.2036973759932323,1696616930508066614,
-0.06370937824249268,0.1803494095802307,1.2052307474907098,1696616930518138341,
-0.03962063789367676,0.7233806252479553,1.2296363667664834,1696616930528091824,
0.5993208885192871,0.22820818424224854,1.2094292137563836,1696616930538218153,
0.019503235816955566,0.6133953928947449,1.033935668165961,1696616930549888305,
-0.024528026580810547,0.23074334859848022,1.437652276655796,1696616930558100385,
-0.3725963234901428,0.5934189558029175,1.1619952733254966,1696616930568162637,
-0.6423532962799072,0.12240469455718994,1.1743852281866325,1696616930578114499,
-0.14404821395874023,0.1900956630706787,1.1484285060750434,1696616930588388478,
0.2443925142288208,0.5915586948394775,1.220690720883404,1696616930598218611,
0.5973204970359802,-0.008722424507141113,1.2377260023205112,1696616930608090608,
0.14751195907592773,0.2693489193916321,1.2345830606968098,1696616930618113264,
-0.43373769521713257,0.2505034804344177,1.0204828676724322,1696616930630222559,
-0.6898435950279236,0.5737808346748352,1.553340693318091,1696616930638155121,
-0.48154914379119873,0.9315405488014221,1.222386742603757,1696616930648194952,
0.18140417337417603,0.07613271474838257,0.9756252967659749,1696616930660649123,
0.7053415775299072,0.20966660976409912,1.6129066958054563,1696616930668179230,
0.6945253610610962,0.32250499725341797,1.218770204677434,1696616930678248901,
-0.42743682861328125,0.3879473805427551,1.239259236616431,1696616930688221776,
-0.376518189907074,0.46053361892700195,1.2275665235183093,1696616930698250324,
-0.7181639671325684,-0.08490347862243652,1.0333347550437322,1696616930710115938,
-0.524855375289917,0.28932279348373413,1.5110456044073706,1696616930718239015,
0.6945999264717102,0.5370116233825684,1.21813025319186,1696616930728296182,
-0.031071066856384277,0.4835313558578491,0.9856950132163127,1696616930740671066,
-0.031071066856384277,0.4835313558578491,1.5867336736019788,1696616930748342266,
-0.5591663718223572,0.07216513156890869,1.2048369265684062,1696616930758418988,
-0.6661146879196167,0.5716679692268372,1.2099977005950031,1696616930768425674,
-0.30985718965530396,0.770811140537262,1.2149866914584366,1696616930778356608,
0.2772316336631775,0.16887027025222778,1.0344590401099298,1696616930790030099,
0.8955878615379333,0.17541223764419556,1.4497961927591878,1696616930798450587,
0.45483165979385376,0.11018115282058716,1.237365956667814,1696616930808404515,
-0.21533751487731934,0.3659406900405884,1.0647315385355238,1696616930819912899,
-0.04542893171310425,0.48458677530288696,1.4146567570402293,1696616930828445673,
-0.5566993355751038,0.10824614763259888,1.1907125937844827,1696616930838458117,
-0.32174378633499146,0.47781020402908325,1.3081017379170916,1696616930847514101,
0.042353153228759766,0.12336277961730957,1.198107711567055,1696616930857441111,
0.2601572275161743,0.019376695156097412,0.9609438645351891,1696616930870005558,
-0.22240328788757324,0.4994089603424072,1.4405028104762294,1696616930878503076,
-0.15658527612686157,-0.05480062961578369,1.2232438235952179,1696616930888523269,
-0.1696820855140686,0.8825858235359192,0.9392400638794937,1696616930901516751,
-0.25165730714797974,0.6245123744010925,1.7268950835865007,1696616930908583637,
0.4353799819946289,0.44187837839126587,1.232897866947298,1696616930918584307,
-0.11164909601211548,0.44446009397506714,1.2456479021264009,1696616930928671377,
0.41630178689956665,0.09935307502746582,1.2865971936691194,1696616930938583179,
0.38375920057296753,0.5516169667243958,1.0969319942334512,1696616930950218611,
-0.011791765689849854,0.12672966718673706,1.4990880354512894,1696616930958614793,
0.06065744161605835,0.1373104453086853,1.2316388532789477,1696616930968665737,
-0.4872598648071289,0.5844677686691284,0.9406638933232769,1696616930981703210,
-0.1350553035736084,0.12964409589767456,1.7524820827301812,1696616930988660231,
-0.5588935017585754,0.4314658045768738,1.2140164606113455,1696616930998703367,
-0.08178991079330444,0.24314332008361816,1.2010848941513919,1696616931008804871,
0.8121692538261414,-0.06335514783859253,1.2246516467614028,1696616931018670889,
0.3034636378288269,0.5922821164131165,1.0794585609147482,1696616931029757983,
-0.16828638315200806,-0.09866678714752197,1.3235475861397212,1696616931038705620,
-0.6563931703567505,0.5634138584136963,1.27768672881748,1696616931047918343,
-0.46957075595855713,0.7375599145889282,0.8511557745465907,1696616931061656637,
-0.06761133670806885,0.29787880182266235,1.6472595846015436,1696616931068776738,
0.13334649801254272,0.4732236862182617,1.186328000397937,1696616931078816284,
0.9894864559173584,-0.12462377548217773,1.1870898831967098,1696616931088966547,
0.5070571303367615,0.253234326839447,1.2224564986311788,1696616931098835487,
-0.24698925018310547,0.43623441457748413,1.0652733966208663,1696616931110096627,
-0.4565927982330322,0.23437607288360596,1.3690237879184761,1696616931118831900,
-0.7017731666564941,0.445919394493103,1.3166399276649212,1696616931127914163,
-0.22630900144577026,0.31832289695739746,0.8442236563087705,1696616931142061567,
-0.22630900144577026,0.31832289695739746,2.026047706916298,1696616931147932438,
0.37297141551971436,0.5187362432479858,1.0534018453794471,1696616931159164768,
0.16845256090164185,0.26839345693588257,1.213143255363857,1696616931168966156,
0.05832034349441528,0.677394449710846,1.2055852512249479,1696616931178943221,
-0.3197374939918518,0.33741283416748047,1.2203424481741578,1696616931188916436,
-0.5171488523483276,0.19776803255081177,1.3565061381142616,1696616931197932769,
0.355959415435791,0.3121650218963623,1.0994319778358395,1696616931209042294,
-0.00572282075881958,-0.08106958866119385,0.9642892690555769,1696616931221655621,
0.25774937868118286,0.5378825664520264,1.6275052358572466,1696616931229030923,
-0.06394970417022705,0.3286343216896057,1.1912906437587922,1696616931238994712,
-0.21555095911026,0.374225378036499,1.1656925210182263,1696616931249170541,
-0.14334094524383545,0.6242844462394714,1.2123499728759533,1696616931259020723,
-0.5923980474472046,-0.21930384635925293,1.0523089113216209,1696616931270513687,
0.15368616580963135,0.2504996657371521,1.4205093326695617,1696616931279075943,
0.2313995361328125,0.3372498154640198,1.2002351394901505,1696616931289172989,
0.24888640642166138,0.20483160018920898,0.9536355404113895,1696616931301735950,
0.029144585132598877,0.5001371502876282,1.5886788031938976,1696616931309155590,
-0.21944081783294678,0.112643301486969,1.1472849131350535,1696616931319435799,
0.09365987777709961,0.7914029359817505,1.2096763210750776,1696616931329276857,
0.05442434549331665,0.5580090880393982,1.2073211106259785,1696616931339199713,
0.050647616386413574,-0.08072686195373535,1.141096751118398,1696616931349791788,
-0.21892541646957397,0.3220548629760742,1.277648553128059,1696616931359234548,
-0.1103176474571228,0.027546405792236328,1.19591393219153,1696616931369284146,
-0.1574302315711975,0.5039665699005127,0.9413008180053999,1696616931381978030,
-0.3610568046569824,0.6568997502326965,1.6124231332539287,1696616931389298925,
0.30878400802612305,-0.0351068377494812,1.1716873219495916,1696616931399438013,
-0.05080878734588623,0.7643189430236816,1.2164300169701343,1696616931409379555,
0.162303626537323,0.45210981369018555,1.2274520583393465,1696616931419357090,
-0.07573807239532471,0.3185737133026123,1.1577475669371289,1696616931429976977,
-0.2565609812736511,0.3929799199104309,1.3032245864503427,1696616931439390937,
0.04581785202026367,-0.06277841329574585,1.215327075096857,1696616931449501982,
-0.34142112731933594,0.5610437989234924,0.9593846430916675,1696616931462257373,
0.019659698009490967,0.391870379447937,1.6644225778681978,1696616931469547356,
0.06946426630020142,-0.012970685958862305,1.360769803447934,1696616931478476571,
0.2808440327644348,0.43119531869888306,1.0978742106174326,1696616931489572677,
0.38153934478759766,0.006424903869628906,1.2162016934057875,1696616931499572856,
-0.24262183904647827,0.4657710790634155,1.1788103145535969,1696616931509802675,
-0.49088966846466064,0.040163516998291016,1.2242832729699742,1696616931519596515,
-0.4550434350967407,0.5021390318870544,1.204647072609624,1696616931529606722,
-0.334905207157135,-0.1406041383743286,1.0046918867483012,1696616931541661617,
0.08094573020935059,0.3383995294570923,1.5229720435500957,1696616931549613570,
0.3289034962654114,0.4597378969192505,1.190536722665328,1696616931559732786,
0.32642602920532227,0.2265419363975525,1.209266264805753,1696616931569599504,
-0.27845412492752075,0.6306456923484802,1.1891957165902833,1696616931579574809,
-0.4113171100616455,0.10967773199081421,1.1135958614785118,1696616931590251062,
-0.206714928150177,0.38195210695266724,1.2889679898315334,1696616931599635112,
-0.07798165082931519,0.5390139818191528,1.2125425990586196,1696616931609719180,
0.24497735500335693,-0.05425214767456055,1.0256071148182122,1696616931621663775,
0.3583409786224365,0.2941667437553406,1.520813551731214,1696616931629702738,
-0.3945721983909607,0.2950817942619324,1.2144908811143498,1696616931639677862,
-0.45732057094573975,0.6271384954452515,1.196725763002969,1696616931649716532,
-0.4555470943450928,0.6707624793052673,1.1943096969230425,1696616931659664217,
-0.08072251081466675,-0.16224032640457153,1.1599241288334508,1696616931669826132,
0.957066535949707,0.23925089836120605,1.189515189144564,1696616931679821814,
0.5384745597839355,0.2441115379333496,1.2150018131760132,1696616931689763568,
0.0016202926635742188,0.3549439311027527,1.0149084399673105,1696616931701722045,
-0.5979469418525696,0.40532898902893066,1.4951744246020982,1696616931709777223,
-0.5540969371795654,-0.03418302536010742,1.1989295589617555,1696616931719762397,
0.1290891170501709,0.4311668872833252,1.1931723891172856,1696616931729844621,
0.42699676752090454,0.6016037464141846,1.2039577546025273,1696616931739821833,
0.8850374221801758,0.28268182277679443,1.3072895738141046,1696616931748932622,
0.1511656641960144,0.19325029850006104,1.089394149888322,1696616931759845349,
-0.6525774598121643,0.03677481412887573,1.1820046749697444,1696616931769886600,
-0.7450684309005737,0.5801648497581482,0.9703289587901865,1696616931782123083,
-0.5435993671417236,0.7147272229194641,1.5245785187180438,1696616931789886989,
-0.14653557538986206,-0.04307210445404053,1.3064787955188486,1696616931798934518,
0.8028041124343872,0.17314821481704712,1.0802440644544429,1696616931809994801,
0.5789241194725037,0.45259594917297363,1.34829229905132,1696616931818920789,
-0.11614328622817993,0.6424384117126465,1.0644431405238042,1696616931830161606,
-0.11274772882461548,0.3270890712738037,1.2021249037612372,1696616931840006643,
-0.771151602268219,-0.25266480445861816,1.18386681246428,1696616931850008634,
-0.48592597246170044,0.3649345636367798,1.026772901248301,1696616931861629168,
-0.19176775217056274,0.24276185035705566,1.4315944524212474,1696616931870000084,
-0.2197360396385193,0.05450814962387085,1.119269038411151,1696616931880717596,
0.19152569770812988,0.25795799493789673,1.2759379582147465,1696616931890066960,
-0.3135015368461609,0.22178488969802856,1.1076947591876682,1696616931900747815,
-0.09887897968292236,1.232837438583374,1.1774827920403217,1696616931910769879,
-0.12073546648025513,0.7457473874092102,1.1901401180285414,1696616931920705748,
-0.16014045476913452,0.1374174952507019,1.1872918410263573,1696616931930746498,
0.13977867364883423,0.15226095914840698,1.073971875835456,1696616931942030233,
-0.25717902183532715,0.07957643270492554,1.4198669351314002,1696616931950734508,
